Id,MSSubClass,LotArea,OverallQual,OverallCond,YearBuilt,YearRemodAdd,BsmtUnfSF,TotalBsmtSF,GrLivArea,GarageArea,SalePrice
1,60,8450,7,5,2003,2003,150,856,1710,548,208500
2,20,9600,6,8,1976,1976,284,1262,1262,460,181500
3,60,11250,7,5,2001,2002,434,920,1786,608,223500
4,70,9550,7,5,1915,1970,540,756,1717,642,140000
5,60,14260,8,5,2000,2000,490,1145,2198,836,250000
6,50,14115,5,5,1993,1995,64,796,1362,480,143000
7,20,10084,8,5,2004,2005,317,1686,1694,636,307000
8,60,10382,7,6,1973,1973,216,1107,2090,484,200000
9,50,6120,7,5,1931,1950,952,952,1774,468,129900
10,190,7420,5,6,1939,1950,140,991,1077,205,118000
11,20,11200,5,5,1965,1965,134,1040,1040,384,129500
12,60,11924,9,5,2005,2006,177,1175,2324,736,345000
13,20,12968,5,6,1962,1962,175,912,912,352,144000
14,20,10652,7,5,2006,2007,1494,1494,1494,840,279500
15,20,10920,6,5,1960,1960,520,1253,1253,352,157000
16,45,6120,7,8,1929,2001,832,832,854,576,132000
17,20,11241,6,7,1970,1970,426,1004,1004,480,149000
18,90,10791,4,5,1967,1967,0,0,1296,516,90000
19,20,13695,5,5,2004,2004,468,1114,1114,576,159000
20,20,7560,5,6,1958,1965,525,1029,1339,294,139000
21,60,14215,8,5,2005,2006,1158,1158,2376,853,325300
22,45,7449,7,7,1930,1950,637,637,1108,280,139400
23,20,9742,8,5,2002,2002,1777,1777,1795,534,230000
24,120,4224,5,7,1976,1976,200,1040,1060,572,129900
25,20,8246,5,8,1968,2001,204,1060,1060,270,154000
26,20,14230,8,5,2007,2007,1566,1566,1600,890,256300
27,20,7200,5,7,1951,2000,180,900,900,576,134800
28,20,11478,8,5,2007,2008,486,1704,1704,772,306000
29,20,16321,5,6,1957,1997,207,1484,1600,319,207500
30,30,6324,4,6,1927,1950,520,520,520,240,68500
31,70,8500,4,4,1920,1950,649,649,1317,250,40000
32,20,8544,5,6,1966,2006,1228,1228,1228,271,149350
33,20,11049,8,5,2007,2007,1234,1234,1234,484,179900
34,20,10552,5,5,1959,1959,380,1398,1700,447,165500
35,120,7313,9,5,2005,2005,408,1561,1561,556,277500
36,60,13418,8,5,2004,2005,1117,1117,2452,691,309000
37,20,10859,5,5,1994,1995,1097,1097,1097,672,145000
38,20,8532,5,6,1954,1990,84,1297,1297,498,153000
39,20,7922,5,7,1953,2007,326,1057,1057,246,109000
40,90,6040,4,5,1955,1955,0,0,1152,0,82000
41,20,8658,6,5,1965,1965,445,1088,1324,440,160000
42,20,16905,5,6,1959,1959,383,1350,1328,308,170000
43,85,9180,5,7,1983,1983,0,840,884,504,144000
44,20,9200,5,6,1975,1980,167,938,938,308,130250
45,20,7945,5,6,1959,1959,465,1150,1150,300,141000
46,120,7658,9,5,2005,2005,1296,1752,1752,576,319900
47,50,12822,7,5,2003,2003,83,1434,2149,670,239686
48,20,11096,8,5,2006,2006,1632,1656,1656,826,249700
49,190,4456,4,5,1920,2008,736,736,1452,0,113000
50,20,7742,5,7,1966,1966,192,955,955,386,127000
51,60,13869,6,6,1997,1997,612,794,1470,388,177000
52,50,6240,6,6,1934,1950,816,816,1176,528,114500
53,90,8472,5,5,1963,1963,0,816,816,516,110000
54,20,50271,9,5,1981,1987,32,1842,1842,894,385000
55,80,7134,5,5,1955,1955,0,384,1360,572,130000
56,20,10175,6,5,1964,1964,935,1425,1425,576,180500
57,160,2645,8,5,1999,2000,321,970,1739,480,172500
58,60,11645,7,5,2004,2004,860,860,1720,565,196500
59,60,13682,10,5,2006,2006,1410,1410,2945,641,438780
60,20,7200,5,7,1972,1972,148,780,780,352,124900
61,20,13072,6,5,2004,2004,217,1158,1158,576,158000
62,75,7200,5,7,1920,1996,530,530,1111,288,101000
63,120,6442,8,5,2006,2006,1346,1370,1370,484,202500
64,70,10300,7,6,1921,1950,576,576,1710,480,140000
65,60,9375,7,5,1997,1998,318,1057,2034,645,219500
66,60,9591,8,5,2004,2005,1143,1143,2473,852,317000
67,20,19900,7,5,1970,1989,1035,1947,2207,576,180000
68,20,10665,7,5,2003,2003,440,1453,1479,558,226000
69,30,4608,4,6,1945,1950,747,747,747,220,80000
70,50,15593,7,4,1953,1953,701,1304,2287,667,225000
71,20,13651,7,6,1973,1973,343,2223,2223,516,244000
72,20,7599,4,6,1982,2006,280,845,845,360,129500
73,60,10141,7,5,1998,1998,832,832,1718,427,185000
74,20,10200,5,7,1954,2003,404,1086,1086,490,144900
75,50,5790,3,6,1915,1950,840,840,1605,379,107400
76,180,1596,4,5,1973,1973,0,462,988,297,91000
77,20,8475,4,7,1956,1956,724,952,952,283,135750
78,50,8635,5,5,1948,2001,295,672,1285,240,127000
79,90,10778,4,5,1968,1968,1768,1768,1768,0,136500
80,50,10440,5,6,1910,1981,440,440,1230,440,110000
81,60,13000,6,6,1968,1968,448,896,2142,509,193500
82,120,4500,6,5,1998,1998,36,1237,1337,405,153500
83,20,10206,8,5,2007,2007,1530,1563,1563,758,245000
84,20,8892,5,5,1960,1960,1065,1065,1065,461,126500
85,80,8530,7,5,1995,1996,384,384,1474,400,168500
86,60,16059,8,5,1991,1992,1288,1288,2417,462,260000
87,60,11911,6,5,2005,2005,684,684,1560,400,174000
88,160,3951,6,5,2009,2009,612,612,1224,528,164500
89,50,8470,3,2,1915,1982,1013,1013,1526,0,85000
90,20,8070,4,5,1994,1995,402,990,990,0,123600
91,20,7200,4,5,1950,1950,0,0,1040,420,109900
92,20,8500,5,3,1961,1961,635,1235,1235,480,98600
93,30,13360,5,7,1921,2006,163,876,964,432,163500
94,190,7200,6,6,1910,1998,168,1214,2291,506,133900
95,60,9337,6,5,1997,1997,176,824,1786,684,204750
96,60,9765,6,8,1993,1993,370,680,1470,420,185000
97,20,10264,7,5,1999,1999,426,1588,1588,472,214000
98,20,10921,4,5,1965,1965,440,960,960,432,94750
99,30,10625,5,5,1920,1950,350,458,835,366,83000
100,20,9320,4,5,1959,1959,381,950,1225,0,128950
101,20,10603,6,7,1977,2001,410,1610,1610,480,205000
102,60,9206,6,5,1985,1985,741,741,1732,476,178000
103,90,7018,5,5,1979,1979,0,0,1535,410,118964
104,20,10402,7,5,2009,2009,1226,1226,1226,740,198900
105,50,7758,7,4,1931,1950,816,1040,1818,240,169500
106,60,9375,8,5,2003,2004,1053,1053,1992,648,250000
107,30,10800,4,7,1885,1995,641,641,1047,273,100000
108,20,6000,5,5,1948,1950,516,789,789,250,115000
109,50,8500,5,7,1919,2005,793,793,1517,0,115000
110,20,11751,6,6,1977,1977,1139,1844,1844,546,190000
111,50,9525,6,4,1954,1972,550,994,1855,325,136900
112,80,7750,7,5,2000,2000,134,384,1430,400,180000
113,60,9965,7,5,2007,2007,280,1264,2696,792,383970
114,20,21000,6,5,1953,1953,905,1809,2259,450,217000
115,70,7259,6,8,1945,2002,104,1028,2320,180,259500
116,160,3230,6,5,1999,1999,310,729,1458,440,176000
117,20,11616,5,5,1962,1962,252,1092,1092,288,139000
118,20,8536,5,5,2006,2007,1125,1125,1125,430,155000
119,60,12376,7,5,1990,1990,203,1673,3222,594,320000
120,60,8461,6,5,2005,2006,728,728,1456,390,163990
121,80,21453,6,5,1969,1969,0,938,988,540,180000
122,50,6060,4,5,1939,1950,732,732,1123,264,100000
123,20,9464,6,7,1958,1958,510,1080,1080,288,136000
124,120,7892,6,5,1993,1993,899,1199,1199,530,153900
125,20,17043,6,5,1979,1998,1362,1362,1586,435,181000
126,190,6780,6,8,1935,1982,30,520,754,0,84500
127,120,4928,6,5,1976,1976,958,1078,958,440,128000
128,45,4388,5,7,1930,1950,556,672,840,0,87000
129,60,7590,6,5,1966,1966,148,660,1348,453,155000
130,20,8973,5,7,1958,1991,413,1008,1053,750,150000
131,60,14200,7,6,1966,1966,479,924,2157,487,226000
132,60,12224,6,5,2000,2000,297,992,2054,390,244000
133,20,7388,5,6,1959,2002,658,1063,1327,624,150750
134,20,6853,8,5,2001,2002,262,1267,1296,471,220000
135,20,10335,5,6,1968,1993,891,1461,1721,440,180000
136,20,10400,7,6,1970,1970,1304,1304,1682,530,174000
137,20,10355,5,5,1967,1967,519,1214,1214,318,143000
138,90,11070,7,5,1988,1989,1907,1907,1959,766,171000
139,60,9066,8,5,1999,2000,336,1004,1852,660,230000
140,60,15426,6,5,1997,1997,107,928,1764,470,231500
141,20,10500,4,5,1971,1971,432,864,864,0,115000
142,20,11645,7,5,2005,2005,434,1734,1734,660,260000
143,50,8520,5,4,1952,1952,403,910,1385,720,166000
144,20,10335,7,5,1999,1999,811,1490,1501,577,204000
145,90,9100,5,5,1963,1963,396,1728,1728,504,125000
146,160,2522,6,5,2004,2006,970,970,1709,380,130000
147,30,6120,5,7,1931,1993,506,715,875,180,105000
148,60,9505,7,5,2001,2001,884,884,2035,434,222500
149,20,7500,7,5,2004,2005,400,1080,1080,0,141000
150,50,6240,5,4,1936,1950,896,896,1344,240,115000
151,20,10356,5,6,1975,1975,253,969,969,440,122000
152,20,13891,8,5,2007,2008,310,1710,1710,866,372402
153,60,14803,6,5,1971,1971,409,825,1993,495,190000
154,20,13500,6,7,1960,1975,93,1602,1252,564,235000
155,30,11340,6,5,1923,1950,1200,1200,1200,312,125000
156,50,9600,6,5,1924,1950,572,572,1096,0,79000
157,20,7200,5,7,1950,1950,0,0,1040,625,109500
158,60,12003,8,5,2009,2010,774,774,1968,680,269500
159,60,12552,7,5,2004,2005,769,991,1947,678,254900
160,60,19378,7,5,2005,2006,1335,1392,2462,576,320000
161,20,11120,6,6,1984,1984,572,1232,1232,516,162500
162,60,13688,9,5,2003,2004,556,1572,2668,726,412500
163,20,12182,7,5,2005,2005,340,1541,1541,532,220000
164,45,5500,4,6,1956,1956,882,882,882,0,103200
165,40,5400,6,7,1926,2004,779,1149,1616,216,152000
166,190,10106,5,7,1940,1999,112,644,1355,0,127500
167,20,10708,5,5,1955,1993,470,1617,1867,303,190000
168,60,10562,8,5,2007,2007,294,1582,2161,789,325624
169,60,8244,7,5,2004,2004,840,840,1720,440,183500
170,20,16669,8,6,1981,1981,1686,1686,1707,511,228000
171,50,12358,5,6,1941,1950,360,720,1382,660,128500
172,20,31770,6,5,1960,1960,441,1080,1656,528,215000
173,160,5306,7,7,1987,1987,354,1064,1767,504,239000
174,20,10197,6,5,1961,1961,700,1362,1362,504,163000
175,20,12416,6,5,1986,1986,0,1606,1651,616,184000
176,20,12615,6,7,1950,2001,725,1202,2158,576,243000
177,60,10029,6,5,1988,1989,320,1151,2060,521,211000
178,50,13650,5,5,1958,1958,554,1052,1920,451,172500
179,20,17423,9,5,2008,2009,312,2216,2234,1166,501837
180,30,8520,5,6,1923,2006,968,968,968,480,100000
181,160,2117,6,5,2000,2000,320,756,1525,440,177000
182,70,7588,7,6,1920,1950,441,793,1802,216,200100
183,20,9060,5,6,1957,2006,0,0,1340,252,120000
184,50,11426,7,5,2003,2003,1362,1362,2082,484,200000
185,50,7438,5,8,1908,1991,504,504,1252,576,127000
186,75,22950,10,9,1892,1993,1107,1107,3608,840,475000
187,80,9947,7,5,1990,1991,577,1188,1217,497,173000
188,50,10410,5,7,1916,1987,660,660,1656,180,135000
189,90,7018,5,5,1979,1979,0,1086,1224,528,153337
190,120,4923,8,5,2001,2002,440,1593,1593,682,286000
191,70,10570,8,8,1932,1994,556,853,2727,440,315000
192,60,7472,7,9,1972,2004,99,725,1479,484,184000
193,20,9017,7,5,1999,1999,871,1431,1431,666,192000
194,160,2522,7,5,2004,2004,970,970,1709,380,130000
195,20,7180,5,7,1972,1972,474,864,864,352,127000
196,160,2280,6,6,1976,1976,289,855,1456,440,148500
197,20,9416,7,5,2007,2007,600,1726,1726,786,311872
198,75,25419,8,4,1918,1990,140,1360,3112,795,235000
199,75,5520,6,6,1912,1950,755,755,2229,0,104000
200,20,9591,8,5,2004,2005,625,1713,1713,856,274900
201,20,8546,4,5,2003,2004,1121,1121,1121,440,140000
202,20,10125,6,6,1977,1977,276,1196,1279,473,171500
203,50,7000,6,6,1924,1950,0,617,1310,398,112000
204,120,4438,6,5,2004,2004,186,848,848,420,149000
205,50,3500,5,7,1947,1950,408,720,1284,240,110000
206,20,11851,7,5,1990,1990,1424,1424,1442,500,180500
207,20,13673,5,5,1962,1962,1140,1140,1696,349,143900
208,20,12493,4,5,1960,1960,375,1100,1100,312,141000
209,60,14364,7,5,1988,1989,92,1157,2062,454,277000
210,20,8250,6,7,1964,1964,305,1092,1092,504,145000
211,30,5604,5,6,1925,1950,396,864,864,0,98000
212,20,10420,6,5,2009,2009,1176,1212,1212,460,186000
213,60,8640,7,5,2009,2009,78,900,1852,644,252678
214,20,13568,5,5,1995,1995,274,990,990,576,156000
215,60,10900,6,7,1977,1977,311,689,1392,299,161750
216,20,10011,5,6,1957,1996,710,1070,1236,447,134450
217,20,8450,7,5,2004,2004,490,1436,1436,484,210000
218,70,9906,4,4,1925,1950,686,686,1328,210,107000
219,50,15660,7,9,1939,2006,457,798,1954,431,311500
220,120,3010,7,5,2005,2006,1232,1248,1248,438,167240
221,20,8990,7,5,2006,2006,1498,1498,1498,675,204900
222,60,8068,6,5,2002,2002,1010,1010,2267,390,200000
223,60,11475,6,6,1975,1975,163,713,1552,434,179900
224,20,10500,4,6,1971,1971,160,864,864,576,97000
225,20,13472,10,5,2003,2003,2336,2392,2392,968,386250
226,160,1680,5,5,1971,1971,630,630,1302,280,112000
227,60,9950,7,5,1995,1995,638,1203,2520,721,290000
228,160,1869,6,6,1970,1970,162,483,987,280,106000
229,20,8521,5,5,1967,1967,70,912,912,336,125000
230,120,3182,7,5,2005,2006,1357,1373,1555,430,192500
231,20,8760,6,6,1959,1959,1194,1194,1194,312,148000
232,60,15138,8,5,1995,1996,773,1462,2794,810,403000
233,160,1680,6,5,1972,1972,483,483,987,288,94500
234,20,10650,5,6,1976,1976,0,894,894,308,128200
235,60,7851,6,5,2002,2002,235,860,1960,440,216500
236,160,1680,6,3,1971,1971,125,483,987,264,89500
237,20,8773,7,5,2004,2004,1390,1414,1414,494,185500
238,60,9453,7,7,1993,2003,594,996,1744,457,194500
239,20,12030,8,5,2007,2007,1694,1694,1694,818,318000
240,50,8741,6,4,1945,1950,641,735,1487,220,113000
241,20,9000,8,5,2008,2008,488,1566,1566,750,262500
242,30,3880,5,9,1945,1997,357,686,866,0,110500
243,50,5000,5,4,1900,1950,540,540,1440,352,79000
244,160,10762,6,6,1980,1980,626,626,1217,288,120000
245,60,8880,7,5,1994,2002,253,948,2110,463,205000
246,20,10400,7,5,1988,1988,916,1845,1872,604,241500
247,190,9142,6,8,1910,1950,1020,1020,1928,440,137000
248,20,11310,6,5,1954,1954,1367,1367,1375,451,140000
249,60,11317,7,5,2003,2003,840,840,1668,500,180000
250,50,159000,6,7,1958,2006,747,1444,2144,389,277000
251,30,5350,3,2,1940,1966,728,728,1306,0,76500
252,120,4750,8,5,2006,2007,0,1573,1625,538,235000
253,60,8366,6,5,2004,2004,798,798,1640,520,173000
254,80,9350,6,7,1964,1991,452,1302,1302,309,158000
255,20,8400,5,6,1957,1957,392,1314,1314,294,145000
256,60,8738,7,5,1999,1999,975,975,2291,429,230000
257,60,8791,6,5,2003,2003,361,864,1728,673,207500
258,20,8814,7,5,2006,2006,270,1604,1604,660,220000
259,60,12435,7,5,2001,2001,602,963,1792,564,231500
260,20,12702,5,5,1956,1956,0,0,882,308,97000
261,80,19296,6,5,1962,1962,0,1362,1382,884,176000
262,60,9588,8,5,2007,2007,1482,1482,2574,868,276000
263,80,8471,6,7,1977,1995,0,506,1212,492,151000
264,50,5500,5,7,1929,2001,0,926,1316,484,130000
265,30,5232,5,5,1925,2004,680,680,764,504,73000
266,20,12090,6,6,1981,1981,606,1422,1422,576,175500
267,60,11207,6,5,1997,1997,88,802,1511,413,185000
268,75,8400,5,8,1939,1997,342,720,2192,240,179500
269,30,6900,5,6,1940,1955,212,740,778,924,120500
270,20,7917,6,7,1976,1976,392,1143,1113,504,148000
271,60,10728,8,5,2006,2006,1095,1095,1939,1053,266000
272,20,39104,7,7,1954,2005,96,1385,1363,439,241500
273,60,11764,8,7,1999,2007,628,1152,2270,671,290000
274,20,9600,6,6,1958,1988,0,1240,1632,338,139000
275,20,8314,5,7,1982,1982,270,816,816,264,124500
276,50,7264,7,7,1925,2007,952,952,1548,672,205000
277,20,9196,7,5,2003,2003,1560,1560,1560,573,201000
278,20,19138,4,5,1951,1951,744,864,864,400,141000
279,20,14450,9,5,2006,2007,2121,2121,2121,732,415298
280,60,10005,7,5,1977,1977,768,1160,2022,505,192000
281,60,11287,7,6,1989,1989,386,807,1982,575,228500
282,20,7200,6,5,2006,2006,357,1262,1262,572,185000
283,120,5063,7,5,2007,2008,410,1314,1314,626,207500
284,20,9612,8,5,2008,2009,1468,1468,1468,898,244600
285,120,8012,6,5,1992,1992,1145,1575,1575,529,179200
286,160,4251,7,5,2006,2007,625,625,1250,528,164700
287,50,9786,6,7,1962,1981,312,912,1734,440,159000
288,20,8125,4,4,1971,1971,244,858,858,0,88000
289,20,9819,5,5,1967,1967,432,882,900,280,122000
290,70,8730,6,7,1915,2003,698,698,1396,384,153575
291,60,15611,8,5,2006,2006,1079,1079,1919,685,233230
292,190,5687,5,6,1912,2000,570,780,1716,0,135900
293,50,11409,5,4,1949,2008,476,768,1716,281,131000
294,60,16659,7,7,1977,1994,0,795,2263,539,235000
295,20,9600,6,5,1953,1953,131,1416,1644,418,167000
296,80,7937,6,6,1984,1984,184,1003,1003,588,142500
297,50,13710,5,5,1950,1950,490,910,1558,282,152000
298,60,7399,7,5,1997,1998,326,975,1950,576,239000
299,60,11700,6,6,1968,1968,143,702,1743,539,175000
300,20,14000,6,8,1950,2004,1092,1092,1152,300,158500
301,190,15750,5,5,1953,1953,324,1165,1336,375,157000
302,60,16226,8,5,1998,1999,747,1028,2452,683,267000
303,20,13704,7,5,2001,2002,1541,1541,1541,843,205000
304,20,9800,5,7,1972,1972,0,894,894,552,149900
305,75,18386,7,9,1880,2002,1470,1470,3493,870,295000
306,20,10386,8,5,2004,2005,536,2000,2000,888,305900
307,60,13474,7,5,1990,1991,0,700,2243,746,225000
308,50,7920,6,7,1920,1950,319,319,1406,0,89500
309,30,12342,4,5,1940,1950,599,861,861,539,82500
310,20,12378,9,5,2003,2004,622,1896,1944,708,360000
311,60,7685,6,5,1993,1994,179,697,1501,420,165600
312,20,8000,6,6,1948,2002,292,972,972,240,132000
313,190,7800,5,7,1939,1950,286,793,1118,410,119900
314,20,215245,7,5,1965,1965,80,2136,2036,513,375000
315,70,9600,7,7,1925,1990,712,728,1641,546,178000
316,60,7795,7,5,2004,2005,291,716,1432,432,188500
317,60,13005,7,7,1980,1980,153,845,2353,484,260000
318,60,9000,8,5,2006,2006,1088,1088,1959,1025,270000
319,60,9900,7,5,1993,1993,360,1347,2646,656,260000
320,80,14115,7,5,1980,1980,336,1372,1472,588,187500
321,60,16259,9,5,2006,2006,1249,1249,2596,840,342643
322,60,12099,8,5,2004,2004,166,1136,2468,872,354000
323,60,10380,7,5,1986,1987,0,1502,2730,576,301000
324,20,5820,3,8,1955,2005,906,1162,1163,220,126175
325,80,11275,7,7,1967,2007,710,710,2978,564,242000
326,45,5000,5,6,1941,1950,604,720,803,360,87000
327,120,10846,8,5,1993,1993,100,1719,1719,473,324000
328,20,11600,6,5,1960,1960,818,1383,1383,292,145250
329,75,11888,6,6,1916,1994,844,844,2134,441,214500
330,70,6402,5,5,1920,1950,596,596,1192,189,78000
331,90,10624,5,4,1964,1964,1424,1728,1728,352,119000
332,20,8176,5,6,1958,1992,210,1056,1056,308,139000
333,20,10655,8,5,2003,2004,1603,3206,1629,880,284000
334,120,8198,7,5,2004,2004,638,1358,1358,484,207000
335,60,9042,6,5,1998,1998,115,943,1638,472,192000
336,190,164660,5,6,1965,1965,103,1499,1786,529,228950
337,20,14157,9,5,2005,2006,673,1922,1922,676,377426
338,20,9135,7,5,2002,2003,726,1536,1536,532,214000
339,20,14145,7,7,1984,1998,995,1208,1621,440,202500
340,20,12400,6,7,1958,1998,630,1215,1215,297,155000
341,60,14191,8,5,2002,2002,967,967,1908,431,202900
342,20,8400,4,4,1950,1950,721,721,841,294,82000
343,90,8544,3,4,1949,1950,0,0,1040,400,87500
344,120,8849,9,5,2005,2005,1656,1684,1684,564,266000
345,160,2592,5,3,1976,1976,175,536,1112,336,85000
346,50,6435,6,5,1939,1950,972,972,1577,312,140200
347,20,12772,6,8,1960,1998,460,958,958,301,151500
348,20,17600,6,5,1960,1960,208,1478,1478,498,157500
349,160,2448,7,5,2003,2004,191,764,1626,474,154000
350,60,20431,9,5,2005,2006,438,1848,2728,706,437154
351,120,7820,9,5,2007,2007,1869,1869,1869,617,318061
352,120,5271,7,5,1986,1986,371,1453,1453,445,190000
353,50,9084,5,6,1941,1950,0,616,1111,200,95000
354,30,8520,6,8,1928,2003,624,624,720,484,105900
355,50,8400,6,5,1940,2000,552,940,1595,240,140000
356,20,11249,6,5,1995,1995,322,1200,1200,521,177500
357,20,9248,6,6,1992,1992,598,1158,1167,400,173000
358,120,4224,5,5,1976,1976,268,1142,1142,528,134000
359,80,6930,5,4,1958,1958,468,1062,1352,288,130000
360,60,12011,8,5,1998,1998,130,1086,1924,592,280000
361,85,7540,6,6,1978,1978,115,888,912,470,156000
362,50,9144,5,5,1940,1982,484,883,1505,240,145000
363,85,7301,7,5,2003,2003,0,0,1922,672,198500
364,160,1680,6,8,1972,2007,321,483,987,264,118000
365,60,18800,6,5,1976,1976,84,796,1574,566,190000
366,70,10690,5,7,1920,1997,216,672,1344,468,147000
367,20,9500,6,5,1963,1963,785,1394,1394,514,159000
368,80,9150,6,5,1962,1962,728,1099,1431,296,165000
369,20,7800,5,6,1954,1954,728,1268,1268,244,132000
370,20,9830,5,7,1959,2006,733,1063,1287,576,162000
371,60,8121,6,5,2000,2000,953,953,1664,460,172400
372,50,17120,4,4,1959,1959,0,0,1588,680,134432
373,120,7175,6,5,1984,1984,0,744,752,264,125000
374,20,10634,5,6,1953,1953,0,608,1319,270,123000
375,60,8200,7,5,2003,2004,847,847,1928,434,219500
376,30,10020,1,1,1922,1950,333,683,904,0,61000
377,85,8846,5,5,1996,1996,572,870,914,576,148000
378,60,11143,8,5,2004,2005,1580,1580,2466,610,340000
379,20,11394,9,2,2010,2010,411,1856,1856,834,394432
380,60,8123,6,5,2000,2000,982,982,1800,463,179000
381,50,5000,5,6,1924,1950,808,1026,1691,308,127000
382,20,7200,7,5,2006,2006,1293,1293,1301,572,187750
383,60,9245,7,5,2006,2006,939,939,1797,639,213500
384,45,9000,6,3,1928,1950,784,784,784,360,76000
385,60,53107,6,5,1992,1992,595,1580,1953,501,240000
386,120,3182,8,5,2004,2005,1232,1256,1269,430,192000
387,50,8410,5,3,1910,1996,658,658,1184,0,81000
388,80,7200,6,6,1976,1976,410,1041,1125,352,125000
389,20,9382,7,5,1999,2000,1468,1468,1479,577,191000
390,60,12474,10,5,2007,2008,402,1682,2332,846,426000
391,50,8405,5,8,1900,1950,229,861,1367,384,119000
392,60,12209,6,5,2001,2002,114,804,1961,560,215000
393,20,8339,5,7,1959,1959,0,0,882,294,106500
394,30,7446,4,5,1941,1950,522,788,788,0,100000
395,50,10134,5,6,1940,1950,735,735,1034,240,109000
396,20,9571,5,6,1956,1956,405,1144,1144,596,129000
397,20,7200,5,5,1972,1972,117,894,894,600,123000
398,60,7590,5,5,1962,1962,324,864,1812,264,169500
399,30,8967,5,2,1920,1950,961,961,1077,338,67000
400,60,8125,7,5,2006,2007,280,1092,1550,438,241000
401,120,14963,8,5,1996,1996,474,1260,1288,500,245500
402,20,8767,7,5,2005,2005,1286,1310,1310,400,164990
403,30,10200,5,8,1940,1997,672,672,672,240,108000
404,60,12090,8,5,1998,1998,1141,1141,2263,420,258000
405,60,10364,6,5,1995,1996,806,806,1572,373,168000
406,20,9991,4,4,1976,1993,165,1281,1620,490,150000
407,50,10480,6,5,1936,1950,1064,1064,1639,240,115000
408,70,15576,6,7,1915,1976,840,840,1680,308,177000
409,60,14154,7,5,2006,2006,1063,1063,2172,947,280000
410,60,10800,8,5,2007,2008,245,1034,2078,836,339750
411,20,9571,5,3,1958,1958,1276,1276,1276,350,60000
412,190,34650,5,5,1955,1955,0,1056,1056,572,145000
413,20,4403,7,5,2009,2009,892,1470,1478,484,222000
414,30,8960,5,6,1927,1950,1008,1008,1028,360,115000
415,60,11228,7,5,1993,1993,499,1080,2097,678,228000
416,20,8899,7,5,2007,2007,1316,1340,1340,396,181134
417,60,7844,6,7,1978,1978,463,672,1400,440,149500
418,70,22420,6,6,1918,1950,242,1370,2624,864,239000
419,50,8160,5,6,1940,1950,444,756,1134,240,126000
420,20,8450,5,6,1968,1968,281,1056,1056,304,142000
421,90,7060,7,5,1997,1998,35,1344,1344,784,206300
422,20,16635,6,7,1977,2000,356,1602,1602,529,215000
423,20,21750,5,5,1954,1954,988,988,988,520,113000
424,60,9200,8,5,1998,1998,484,1470,2630,696,315000
425,20,9000,6,5,1956,1956,580,1196,1196,297,139000
426,60,3378,7,8,1946,1992,651,651,1389,240,135000
427,80,12800,7,5,1989,1989,0,1518,1644,569,275000
428,20,8593,4,6,1957,1957,619,907,907,352,109008
429,20,6762,7,5,2007,2007,544,1208,1208,628,195400
430,20,11457,6,5,1988,1988,387,1392,1412,576,175000
431,160,1680,6,5,1971,1971,96,483,987,264,85400
432,50,5586,6,7,1920,1998,901,901,1198,0,79900
433,160,1920,5,5,1971,1971,294,765,1365,440,122500
434,60,10839,6,5,1997,1998,926,926,1604,470,181000
435,180,1890,4,7,1972,1972,135,630,630,0,81000
436,60,10667,7,6,1996,1996,70,799,1661,550,212000
437,50,4400,6,8,1920,1950,648,648,1118,440,116000
438,45,6000,6,7,1926,2004,884,884,904,180,119000
439,30,4280,5,6,1913,2002,75,440,694,352,90350
440,50,12354,6,8,1920,2000,684,684,1196,528,110000
441,20,15431,10,5,2008,2008,788,3094,2402,672,555000
442,90,12108,4,4,1955,1955,1307,1440,1440,0,118000
443,50,6240,5,7,1930,1992,1078,1078,1573,360,162900
444,120,3922,7,5,2006,2007,1258,1258,1258,648,172500
445,60,8750,7,5,1994,1995,273,915,1908,493,210000
446,20,9855,6,5,1956,1956,1436,1436,1689,480,127500
447,20,16492,6,6,1966,2002,557,1517,1888,578,190000
448,60,11214,7,5,1998,1999,930,930,1886,431,199900
449,50,8600,6,6,1937,1950,780,780,1376,198,119500
450,50,6000,3,7,1948,2002,318,649,1183,308,120000
451,30,5684,6,8,1930,2005,813,813,813,270,110000
452,20,70761,7,5,1975,1975,878,1533,1533,576,280000
453,60,9303,6,5,1996,1997,130,872,1756,422,204000
454,60,9000,8,5,2008,2008,768,768,1590,676,210000
455,90,9297,5,5,1976,1976,122,1728,1728,560,188000
456,20,9600,7,6,1973,1973,326,1242,1242,528,175500
457,70,4571,5,5,1916,1950,624,624,1344,513,98000
458,20,53227,4,6,1954,1994,248,1364,1663,529,256000
459,70,5100,8,7,1925,1996,588,588,1666,228,161000
460,50,7015,5,4,1950,1950,524,709,1203,352,110000
461,60,8004,8,5,2009,2009,288,832,1935,552,263435
462,70,7200,7,9,1936,2007,0,560,1135,576,155000
463,20,8281,5,5,1965,1965,0,864,864,360,62383
464,70,11988,6,7,1934,1995,389,715,1660,240,188700
465,20,8430,5,5,1978,1978,424,1040,1040,0,124000
466,120,3072,7,5,2004,2004,1375,1375,1414,398,178740
467,20,10628,7,5,1970,1970,499,1277,1277,526,167000
468,70,9480,5,7,1942,1995,342,728,1644,312,146500
469,20,11428,8,5,2006,2006,1626,1626,1634,866,250000
470,60,9291,6,5,1993,1993,406,832,1710,506,187000
471,120,6820,8,5,1985,1985,0,1488,1502,528,212000
472,60,11952,7,6,1977,1977,808,808,1969,534,190000
473,180,3675,6,5,2005,2005,88,547,1072,525,148000
474,20,14977,8,5,2006,2007,626,1976,1976,908,440000
475,120,5330,8,5,2000,2000,298,1494,1652,499,251000
476,20,8480,5,6,1963,1963,340,970,970,624,132500
477,20,13125,6,5,1997,1998,484,1478,1493,508,208900
478,60,13693,9,5,2006,2006,2153,2153,2643,694,380000
479,20,10637,8,5,2007,2008,417,1705,1718,826,297000
480,30,5925,4,7,1937,2000,739,907,1131,672,89471
481,20,16033,9,5,2004,2005,572,1833,1850,772,326000
482,20,11846,9,5,2003,2004,225,1792,1792,874,374000
483,70,2500,7,8,1915,2005,611,910,1826,164,155000
484,120,4500,6,5,1998,1998,319,1216,1216,402,164000
485,20,7758,5,7,1962,2001,411,999,999,264,132500
486,20,9600,5,7,1950,2007,506,1113,1113,264,147000
487,20,10289,5,7,1965,1965,237,1073,1073,515,156000
488,20,12243,5,6,1971,1971,486,1484,1484,487,175000
489,190,10800,5,4,1900,1970,290,954,2414,520,160000
490,180,1526,4,8,1970,2002,115,630,630,286,86000
491,160,2665,5,6,1976,1976,264,264,1304,336,115000
492,50,9490,6,7,1941,1950,238,806,1578,240,133000
493,60,15578,6,5,2006,2006,728,728,1456,429,172785
494,20,7931,5,6,1960,1960,363,1269,1269,308,155000
495,30,5784,5,8,1938,1996,190,190,886,273,91300
496,30,7879,4,5,1920,1950,225,720,720,0,34900
497,20,12692,8,5,1992,1993,1969,3200,3228,546,430000
498,50,9120,7,6,1925,1950,697,1026,1820,240,184000
499,20,7800,5,7,1967,2004,414,864,899,288,130000
500,20,7535,5,7,1958,1985,522,912,912,297,120000
501,160,1890,6,5,1973,1973,316,672,1218,264,113000
502,60,9803,7,5,2005,2005,466,866,1768,603,226700
503,20,9170,5,7,1965,1965,420,1214,1214,461,140000
504,20,15602,7,8,1959,1997,254,1501,1801,484,289000
505,160,2308,6,5,1974,1974,103,855,1322,440,147000
506,90,7596,5,5,1952,1952,960,960,1960,400,124500
507,60,9554,8,5,1993,1994,397,777,1911,471,215000
508,20,7862,6,5,2009,2009,1191,1218,1218,676,208300
509,70,9600,7,9,1928,2005,548,689,1378,360,161000
510,20,9600,5,6,1959,1959,50,1041,1041,270,124500
511,20,14559,5,7,1951,2000,178,1008,1363,288,164900
512,120,6792,7,5,2005,2006,1368,1368,1368,474,202665
513,20,9100,5,5,1958,1958,169,864,864,624,129900
514,20,9187,6,5,1983,1983,748,1084,1080,484,134000
515,45,10594,5,5,1926,1950,768,768,789,200,96500
516,20,12220,10,5,2009,2009,570,2006,2020,900,402861
517,80,10448,6,6,1972,1972,689,689,2119,583,158000
518,60,10208,7,5,1996,1997,1264,1264,2344,889,265000
519,60,9531,6,5,1998,1998,88,794,1796,546,211000
520,70,10918,7,9,1926,2004,1276,1276,2080,282,234000
521,190,10800,4,7,1900,2000,0,0,1294,0,106250
522,20,11988,6,6,1957,1957,467,1244,1244,336,150000
523,50,5000,6,7,1947,1950,605,1004,1664,420,159000
524,60,40094,10,5,2007,2008,878,3138,4676,884,184750
525,60,11787,7,5,1996,1997,660,1379,2398,834,315750
526,20,7500,7,5,2005,2005,1257,1257,1266,453,176000
527,20,13300,5,7,1956,2000,551,928,928,252,132000
528,60,14948,9,5,2008,2008,122,1452,2713,858,446261
529,30,9098,4,7,1920,2002,180,528,605,0,86000
530,20,32668,6,3,1957,1975,816,2035,2515,484,200624
531,80,10200,6,5,1988,1989,678,1461,1509,600,175000
532,70,6155,6,8,1920,1999,611,611,1362,502,128000
533,20,7200,5,7,1955,2007,0,0,827,392,107500
534,20,5000,1,3,1946,1950,0,0,334,0,39300
535,60,9056,8,5,2004,2004,707,707,1414,403,178000
536,190,7000,5,7,1910,1991,148,1117,1347,0,107500
537,60,8924,7,5,1998,1999,880,880,1724,527,188000
538,20,12735,4,5,1972,1972,264,864,864,576,111250
539,20,11553,5,5,1968,1968,378,1051,1159,336,158000
540,20,11423,8,5,2001,2002,223,1581,1601,670,272000
541,20,14601,9,5,2006,2006,578,1838,1838,765,315000
542,60,11000,8,5,2000,2000,969,969,2285,648,248000
543,20,10140,7,5,1998,1999,379,1650,1680,583,213250
544,120,4058,7,5,1998,1998,0,723,767,367,133000
545,60,17104,7,5,2006,2006,100,654,1496,426,179665
546,50,13837,7,5,1988,1988,0,1204,2183,786,229000
547,50,8737,6,7,1923,1950,765,1065,1635,440,210000
548,85,7244,5,7,1970,1970,149,768,768,624,129500
549,20,8235,5,7,1955,1995,0,825,825,720,125000
550,60,9375,7,5,2003,2004,912,912,2094,615,263000
551,120,4043,6,6,1977,1977,510,1069,1069,440,140000
552,20,6000,5,6,1957,1957,620,928,928,288,112500
553,20,11146,8,5,2006,2006,1709,1709,1717,908,255500
554,20,8777,4,5,1949,2003,0,0,1126,520,108000
555,60,10625,7,5,2003,2004,132,998,2046,871,284000
556,45,6380,5,6,1922,1950,993,993,1048,280,113000
557,20,14850,5,5,1957,1957,197,1092,1092,299,141000
558,50,11040,4,6,1920,1950,0,637,1336,570,108000
559,60,21872,7,5,1996,1997,125,729,1446,406,175000
560,120,3196,7,5,2003,2004,1374,1374,1557,420,234000
561,20,11341,5,6,1957,1996,90,1392,1392,528,121500
562,20,10010,5,5,1974,1975,195,1389,1389,418,170000
563,30,13907,5,6,1940,1969,706,996,996,0,108000
564,50,21780,6,7,1918,1950,1163,1163,1674,396,185000
565,60,13346,7,5,1992,2000,367,1095,2295,590,268000
566,70,6858,6,4,1915,1950,806,806,1647,216,128000
567,60,11198,9,5,2005,2007,1122,1122,2504,656,325000
568,20,10171,7,5,2004,2004,1515,1517,1535,532,214000
569,50,12327,8,8,1983,2009,55,1496,2132,612,316600
570,90,7032,5,5,1979,1979,0,943,943,600,135960
571,90,13101,5,5,1965,1965,1497,1728,1728,576,142600
572,20,7332,6,6,1959,1959,450,864,864,288,120000
573,60,13159,7,5,2009,2009,846,846,1692,650,224500
574,80,9967,7,5,2000,2000,384,384,1430,400,170000
575,80,10500,5,7,1971,2005,23,372,1109,288,139000
576,50,8480,5,5,1947,1950,390,832,1216,336,118500
577,50,6292,7,7,1928,1950,861,861,1477,216,145000
578,80,11777,5,6,1966,1966,285,1164,1320,564,164500
579,160,3604,7,5,2007,2007,689,689,1392,540,146000
580,50,12150,5,5,1954,1954,1050,1050,1795,352,131500
581,20,14585,6,6,1960,1987,331,1144,1429,572,181900
582,20,12704,8,5,2008,2009,2042,2042,2042,1390,253293
583,90,11841,6,5,1990,1990,0,816,816,0,118500
584,75,13500,10,9,1893,2000,1237,1237,2775,880,325000
585,50,6120,4,7,1935,1995,884,884,1573,240,133000
586,20,11443,8,5,2005,2006,408,1868,2028,880,369900
587,30,10267,6,7,1918,2000,0,816,838,275,130000
588,85,8740,5,6,1982,1982,168,840,860,528,137000
589,20,25095,5,8,1968,2003,113,1437,1473,452,143000
590,40,9100,5,6,1930,1960,742,742,935,308,79500
591,60,8320,7,5,2004,2004,280,770,1582,520,185900
592,60,13478,10,5,2008,2008,384,1722,2296,842,451950
593,20,6600,5,8,1982,2003,0,816,816,816,138000
594,120,4435,6,5,2003,2003,163,848,848,420,140000
595,20,7990,5,6,1975,1975,924,924,924,280,110000
596,20,11302,8,5,2005,2006,392,1814,1826,758,319000
597,70,3600,6,7,1910,1993,684,684,1368,216,114504
598,120,3922,7,5,2006,2007,1258,1258,1402,648,194201
599,20,12984,5,6,1977,1977,0,1430,1647,621,217500
600,160,1950,6,6,1980,1980,23,716,1556,452,151000
601,60,10927,8,5,2005,2005,512,1058,1904,736,275000
602,50,9000,6,6,1937,1950,780,780,1375,544,141000
603,60,10041,8,5,1992,1992,119,908,1915,506,220000
604,160,3182,7,5,2004,2005,600,600,1200,480,151000
605,20,12803,7,5,2002,2002,572,1494,1494,530,221000
606,60,13600,7,6,1965,1990,314,768,1986,486,205000
607,20,12464,5,5,1996,1996,308,1040,1040,576,152000
608,20,7800,5,8,1948,2002,293,896,2008,230,225000
609,70,12168,8,6,1934,1998,537,965,3194,380,359100
610,20,7943,4,5,1961,1961,126,1029,1029,261,118500
611,60,11050,9,5,2000,2000,536,1440,2153,736,313000
612,80,10395,6,6,1978,1978,427,1032,1032,564,148000
613,60,11885,8,5,2001,2001,309,1299,1872,531,261500
614,20,8402,5,5,2007,2007,914,1120,1120,0,147000
615,180,1491,4,6,1972,1972,0,630,630,0,75500
616,85,8800,6,7,1963,1963,173,936,1054,480,137500
617,60,7861,6,5,2002,2003,326,783,1509,393,183200
618,45,7227,6,6,1954,1954,832,832,832,528,105500
619,20,11694,9,5,2007,2007,1774,1822,1828,774,314813
620,60,12244,8,5,2003,2003,611,1482,2262,749,305000
621,30,8248,3,3,1914,1950,823,864,864,0,67000
622,60,10800,6,7,1974,1997,384,1522,2614,624,240000
623,20,7064,5,6,1977,1977,420,980,980,484,135000
624,160,2117,6,5,2000,2000,336,756,1512,440,168500
625,60,10400,6,5,1972,1972,485,732,1790,484,165150
626,20,10000,6,6,1962,1962,1116,1116,1116,440,160000
627,20,12342,5,5,1960,1978,978,978,1422,286,139900
628,80,9600,6,6,1955,1972,350,1156,1520,364,153000
629,60,11606,5,5,1969,1969,390,1040,2080,504,135000
630,80,9020,6,5,1964,1964,288,1248,1350,520,168500
631,70,9000,5,6,1880,1991,636,636,1750,240,124000
632,120,4590,8,5,2006,2006,1530,1554,1554,627,209500
633,20,11900,7,5,1977,1977,564,1386,1411,544,82500
634,20,9250,5,7,1954,2005,108,1056,1056,260,139400
635,90,6979,6,5,1980,1980,0,1056,1056,576,144000
636,190,10896,6,7,1914,1995,1184,1440,3395,0,200000
637,30,6120,2,3,1936,1950,264,264,800,0,60000
638,190,6000,5,4,1954,1954,811,811,1387,256,93000
639,30,8777,5,7,1910,1950,796,796,796,0,85000
640,120,3982,8,5,2006,2006,366,1520,1567,648,264561
641,120,12677,8,5,2003,2004,300,1518,1518,588,274000
642,60,7050,7,5,2001,2001,319,1057,1929,650,226000
643,80,13860,8,7,1972,1995,542,1952,2704,538,345000
644,60,10793,5,5,1969,1969,0,780,1620,462,152000
645,20,9187,9,5,2009,2009,645,1766,1766,478,370878
646,20,10530,6,5,1971,1971,664,981,981,576,143250
647,20,7200,5,5,1950,1950,0,0,1048,420,98300
648,20,10452,6,5,1953,1953,594,1094,1094,495,155000
649,60,7700,6,5,1966,1966,756,756,1839,442,155000
650,180,1936,4,6,1970,1970,0,630,630,0,84500
651,60,8125,7,6,2007,2007,813,813,1665,562,205950
652,70,9084,4,5,1940,1950,755,755,1510,296,108000
653,60,8750,7,5,1996,1996,880,880,1716,512,191000
654,50,10320,6,7,1906,1995,756,756,1469,216,135000
655,20,10437,8,6,1995,1995,413,2109,2113,839,350000
656,160,1680,6,5,1971,1971,525,525,1092,264,88000
657,20,10007,5,7,1959,2006,247,1053,1053,312,145500
658,70,7200,7,6,1931,2000,776,776,1502,270,149000
659,50,17503,6,5,1948,1950,912,912,1458,330,97500
660,20,9937,5,7,1964,1999,849,1486,1486,480,167000
661,60,12384,7,7,1976,1976,793,793,1935,550,197900
662,60,46589,8,7,1994,2005,88,1629,2448,711,402000
663,20,13560,6,3,1968,1968,1392,1392,1392,576,110000
664,85,10012,4,5,1972,1972,38,1138,1181,588,137500
665,20,20896,8,5,2005,2006,356,2077,2097,1134,423000
666,60,11194,8,5,2000,2000,1406,1406,1936,504,230500
667,60,18450,6,5,1965,1979,111,1021,2380,596,129000
668,20,8125,6,5,1994,1998,270,1408,1679,575,193500
669,20,14175,5,6,1956,1987,200,1188,1437,576,168000
670,30,11600,4,5,1922,1950,700,700,1180,252,137500
671,60,8633,6,5,2005,2005,545,738,1476,540,173500
672,70,6629,6,6,1925,1950,121,672,1369,300,103600
673,20,11250,6,6,1977,1977,441,1208,1208,546,165000
674,20,14442,6,7,1957,2004,291,1477,1839,416,257500
675,20,9200,6,6,1965,1965,244,1136,1136,384,140000
676,160,2289,6,6,1978,1978,544,855,1441,440,148500
677,70,9600,4,2,1900,1950,1095,1095,1774,779,87000
678,30,9022,5,8,1924,2006,768,768,792,240,109500
679,20,11844,8,5,2008,2008,2046,2046,2046,834,372500
680,20,9945,5,5,1961,1961,161,988,988,572,128500
681,120,8012,6,5,1980,1980,261,923,923,264,143000
682,50,4500,5,5,1932,2000,611,793,1520,281,159434
683,120,2887,6,5,1996,1997,288,1291,1291,431,173000
684,20,11248,9,5,2002,2002,567,1626,1668,702,285000
685,60,16770,7,5,1998,1998,1195,1195,1839,486,221000
686,160,5062,7,5,1984,1984,180,1190,2090,577,207500
687,60,10207,7,6,2007,2007,874,874,1761,578,227875
688,160,5105,7,5,2004,2004,312,551,1102,480,148800
689,20,8089,8,6,2007,2007,474,1419,1419,567,392000
690,120,7577,6,5,2005,2006,1342,1362,1362,460,194700
691,120,4426,6,5,2004,2004,151,848,848,420,141000
692,60,21535,10,6,1994,1995,989,2444,4316,832,755000
693,60,26178,7,5,1989,1990,245,1210,2519,628,335000
694,30,5400,5,6,1921,1968,1073,1073,1073,326,108480
695,50,6120,5,6,1936,1950,927,927,1539,576,141500
696,20,13811,6,6,1987,1987,92,1112,1137,551,176000
697,30,6000,5,7,1921,1950,0,616,616,205,89000
698,20,6420,5,7,1952,1952,219,980,1148,308,123500
699,20,8450,5,8,1965,2009,224,894,894,336,138500
700,120,4282,7,5,2004,2004,1375,1391,1391,530,196000
701,20,14331,8,5,2002,2002,526,1800,1800,765,312500
702,20,9600,7,5,1969,1969,1164,1164,1164,528,140000
703,60,12438,8,5,2006,2006,1234,1234,2576,666,361919
704,190,7630,5,9,1900,1996,360,360,1812,672,140000
705,20,8400,7,5,2004,2005,761,1473,1484,606,213000
706,190,5600,4,5,1930,1950,0,0,1092,0,55000
707,20,115149,7,5,1971,2002,424,1643,1824,739,302000
708,120,6240,8,5,2006,2006,461,1324,1324,550,254000
709,60,9018,7,5,2007,2007,728,728,1456,400,179540
710,20,7162,5,7,1966,1966,876,876,904,408,109900
711,30,4130,3,6,1935,2003,270,270,729,0,52000
712,50,8712,4,7,1900,1950,859,859,1178,384,102776
713,120,4671,8,5,1988,1989,461,1228,1228,472,189000
714,190,9873,4,5,1970,1970,171,960,960,576,129000
715,60,13517,6,8,1976,2005,192,725,1479,475,130500
716,20,10140,6,5,1974,1974,1064,1064,1350,478,165000
717,70,10800,7,8,1890,1998,718,718,2554,704,159500
718,20,10000,5,6,1973,2000,92,1176,1178,439,157000
719,60,10542,7,5,1993,1994,138,1311,2418,983,341000
720,20,9920,5,6,1969,1969,448,971,971,300,128500
721,120,6563,8,5,1985,1985,594,1742,1742,564,275000
722,120,4426,6,5,2004,2004,186,848,848,420,143000
723,20,8120,4,7,1970,1970,673,864,864,463,124500
724,50,8172,4,6,1954,1972,941,941,1470,548,135000
725,20,13286,9,5,2007,2008,464,1698,1698,768,320000
726,20,6960,4,6,1970,1970,250,864,864,660,120500
727,20,21695,6,9,1988,2007,72,880,1680,540,222000
728,20,7314,7,5,2007,2007,508,1232,1232,632,194500
729,90,11475,5,5,1958,1958,1584,1584,1776,888,110000
730,30,6240,4,5,1925,1950,628,780,1208,539,103000
731,120,5389,8,5,1995,1996,415,1595,1616,608,236500
732,80,9590,7,5,2003,2003,82,868,1146,438,187500
733,60,11404,7,5,1998,1999,901,1153,2031,541,222500
734,20,10000,5,6,1961,1983,270,864,1144,264,131400
735,20,8978,5,5,1968,1968,948,948,948,300,108000
736,75,10800,7,7,1914,1970,490,880,1768,320,163000
737,90,8544,3,4,1950,1950,0,0,1040,400,93500
738,60,10463,8,5,2005,2005,893,893,1801,800,239900
739,90,10800,5,5,1987,1988,0,1200,1200,0,179000
740,60,9313,7,5,2004,2004,864,864,1728,572,190000
741,70,9600,5,7,1910,2002,264,264,1432,360,132000
742,20,6768,6,8,1961,1996,80,912,912,288,142000
743,20,8450,7,5,2000,2001,1349,1349,1349,539,179000
744,80,12886,5,6,1963,1999,76,520,1464,480,175000
745,120,5395,8,5,1993,1993,604,1337,1337,462,180000
746,60,8963,8,9,1976,1996,487,1142,2715,831,299800
747,60,8795,7,5,2000,2000,652,952,2256,554,236000
748,70,11700,7,7,1880,2003,1240,1240,2640,864,265979
749,20,10593,7,5,1996,1996,801,1720,1720,527,260400
750,50,8405,4,3,1945,1950,0,0,1529,240,98000
751,50,8800,4,7,1910,2004,576,576,1140,0,96500
752,60,7750,7,5,2003,2003,660,660,1320,400,162000
753,20,9236,6,5,1997,1997,279,1479,1494,576,217000
754,60,10240,8,5,2005,2005,1030,1030,2098,878,275500
755,20,7930,6,8,1969,2005,115,1026,1026,440,156000
756,160,3230,6,5,1999,1999,348,729,1471,440,172500
757,60,10769,8,5,2007,2007,846,866,1768,578,212000
758,60,11616,6,5,1978,1978,234,672,1386,440,158900
759,160,2280,7,5,1999,1999,195,744,1501,440,179400
760,60,12257,8,5,1995,1995,1198,1318,2531,752,290000
761,20,9100,6,6,1959,1959,252,864,864,300,127500
762,30,6911,5,5,1924,1950,740,1145,1301,440,100000
763,60,8640,7,5,2009,2009,732,756,1547,614,215200
764,60,9430,8,5,1999,1999,89,1252,2365,856,337000
765,120,9549,8,5,1995,1996,0,1494,1494,481,270000
766,20,14587,9,5,2008,2008,1498,1498,1506,592,264132
767,60,10421,7,5,1988,1988,586,980,1714,496,196500
768,50,12508,6,7,1940,1985,323,983,1750,423,160000
769,20,9100,7,5,2004,2005,1836,1860,1836,484,216837
770,60,53504,8,5,2003,2003,234,1650,3279,841,538000
771,85,7252,5,5,1982,1982,173,858,858,576,134900
772,20,8877,4,5,1951,1951,0,836,1220,396,102000
773,80,7819,6,5,1976,1976,480,1029,1117,672,107000
774,20,10150,5,5,1958,1958,456,912,912,275,114500
775,20,14226,8,5,2006,2006,1935,1935,1973,895,395000
776,120,4500,6,5,1998,1998,338,1204,1204,412,162000
777,20,11210,7,5,2005,2006,1594,1614,1614,865,221500
778,20,13350,5,5,1974,1974,102,864,894,440,142500
779,90,8400,5,5,1977,1977,0,0,2020,630,144000
780,90,10530,6,5,1977,1977,0,975,1004,504,135000
781,20,7875,7,5,1995,1996,1237,1237,1253,402,176000
782,60,7153,6,5,1992,1992,374,761,1603,484,175900
783,20,16285,7,5,2001,2002,1413,1413,1430,605,187100
784,85,9101,5,6,1978,1978,0,1097,1110,602,165500
785,75,6300,6,6,1914,2001,742,742,1484,0,128000
786,20,9790,6,5,1967,1967,491,1372,1342,457,161500
787,50,10800,5,6,1915,1950,0,686,1652,416,139000
788,60,10142,7,5,2004,2004,300,956,2084,618,233000
789,20,6000,4,7,1954,2000,901,901,901,281,107900
790,60,12205,6,8,1966,2007,264,832,2087,444,187500
791,120,3182,7,5,2005,2006,1129,1145,1145,397,160200
792,80,11333,6,5,1976,1976,490,1029,1062,539,146800
793,60,9920,7,5,1996,1997,255,1117,2013,455,269790
794,20,9158,8,5,2007,2007,1496,1496,1496,474,225000
795,60,10832,7,5,1994,1996,712,712,1895,409,194500
796,60,8400,6,6,1980,1981,650,650,1564,476,171000
797,20,8197,6,5,1977,1977,660,660,1285,528,143500
798,20,7677,5,5,1953,1953,203,773,773,240,110000
799,60,13518,9,5,2008,2009,1926,1926,3140,820,485000
800,50,7200,5,7,1937,1950,162,731,1768,240,175000
801,60,12798,6,5,1997,1997,154,616,1688,603,200000
802,30,4800,4,7,1916,1990,999,1196,1196,440,109900
803,60,8199,7,5,2005,2005,80,728,1456,410,189000
804,60,13891,9,5,2008,2009,1734,1734,2822,1020,582933
805,20,9000,5,5,1954,1954,124,936,1128,286,118000
806,20,12274,7,5,2008,2008,1417,1417,1428,554,227680
807,80,9750,5,5,1967,1967,100,980,980,384,135500
808,70,21384,5,6,1923,2004,15,1324,1576,528,223500
809,80,13400,5,5,1966,1966,380,1024,1086,484,159950
810,75,8100,5,5,1898,1965,849,849,2138,360,106000
811,20,10140,6,6,1974,1999,0,1040,1309,484,181000
812,120,4438,6,5,2004,2004,186,848,848,420,144500
813,20,8712,5,5,1952,1952,540,540,1044,504,55993
814,20,9750,6,6,1958,1958,834,1442,1442,301,157900
815,50,8248,5,7,1918,1950,686,686,1250,280,116000
816,20,12137,7,5,1998,1998,1649,1649,1661,598,224900
817,20,11425,5,6,1954,1954,522,1008,1008,275,137000
818,20,13265,8,5,2002,2002,350,1568,1689,857,271000
819,80,8816,6,7,1971,1971,506,1010,1052,440,155000
820,120,6371,7,5,2009,2010,625,1358,1358,484,224000
821,60,7226,7,5,2003,2003,798,798,1640,595,183000
822,20,6000,4,4,1953,1953,936,936,936,576,93000
823,60,12394,7,5,2003,2003,847,847,1733,433,225000
824,50,9900,6,7,1940,1950,778,778,1489,240,139500
825,20,11216,8,5,2006,2006,1489,1489,1489,776,232600
826,20,14803,10,5,2007,2008,442,2078,2084,1220,385000
827,45,6130,5,6,1924,1950,0,784,784,0,109500
828,20,8529,7,5,2001,2001,1434,1454,1434,527,189000
829,60,28698,5,5,1967,1967,0,1013,2126,538,185000
830,160,2544,7,5,2005,2005,600,600,1223,480,147400
831,20,11900,6,5,1957,1957,352,1392,1392,458,166000
832,160,3180,7,5,2005,2005,600,600,1200,480,151000
833,60,9548,7,6,2003,2003,458,941,1829,613,237000
834,20,10004,6,6,1964,1964,975,1516,1516,472,167000
835,20,7875,5,6,1961,1961,572,1144,1144,456,139950
836,20,9600,4,7,1950,1995,625,1067,1067,436,128000
837,30,8100,5,6,1948,1973,1221,1559,1559,812,153500
838,160,1680,6,5,1973,1973,153,483,987,264,100000
839,20,9525,5,6,1995,2006,1099,1099,1099,352,144000
840,50,11767,5,6,1946,1995,416,768,1200,240,130500
841,70,12155,6,8,1925,1950,516,672,1482,400,140000
842,70,10440,5,8,1904,2002,650,650,1539,686,157500
843,80,9020,6,7,1966,1966,276,1127,1165,490,174900
844,90,8000,5,4,1961,1961,1800,1800,1800,0,141000
845,50,12665,5,8,1915,1950,876,876,1416,720,153900
846,85,16647,5,5,1975,1981,0,1390,1701,611,171000
847,60,9317,7,5,1993,1993,227,740,1775,425,213000
848,20,15523,5,6,1972,1972,404,864,864,338,133500
849,50,45600,6,8,1908,1997,907,907,2358,360,240000
850,80,9600,6,7,1976,1994,528,528,1855,512,187000
851,120,4435,6,5,2003,2003,189,848,848,420,131500
852,120,3196,8,5,2003,2003,1273,1273,1456,400,215000
853,75,7128,7,5,1941,1950,554,918,1646,240,164000
854,80,12095,6,6,1964,1964,563,1127,1445,645,158000
855,20,17920,5,4,1955,1974,372,1763,1779,454,170000
856,20,6897,5,8,1962,2010,381,1040,1040,260,127000
857,80,10970,6,6,1978,1978,0,940,1026,576,147000
858,60,8125,6,5,1994,1995,702,702,1481,343,174000
859,20,10400,7,5,1976,1976,1090,1090,1370,479,152000
860,60,11029,6,7,1968,1984,435,1054,2654,619,250000
861,50,7642,7,8,1918,1998,912,912,1426,216,189950
862,190,11625,5,4,1965,1965,198,1039,1039,504,131500
863,20,9672,6,5,1984,1985,702,1040,1097,480,152000
864,20,7931,5,5,1959,1959,0,1148,1148,672,132500
865,20,8640,7,5,2007,2008,1372,1372,1372,529,250580
866,20,8750,5,6,1970,1970,174,1002,1002,902,148500
867,20,10656,8,5,2006,2007,1638,1638,1646,870,248900
868,20,6970,4,5,1961,1961,108,1040,1120,544,129000
869,60,14762,5,6,1948,1950,0,0,2320,672,169000
870,60,9938,7,5,1993,1994,300,1050,1949,574,236000
871,20,6600,5,5,1962,1962,894,894,894,308,109500
872,60,8750,6,5,1998,1998,299,804,1682,523,200500
873,20,8892,5,7,1953,1996,105,105,910,414,116000
874,40,12144,5,7,1949,1950,457,832,1268,288,133000
875,50,5720,5,6,1941,1950,676,676,1131,200,66500
876,60,9000,8,5,2007,2007,1120,1184,2610,550,303477
877,20,25286,4,5,1963,1963,431,1064,1040,648,132250
878,60,8834,9,5,2004,2005,292,1462,2224,738,350000
879,85,11782,5,7,1961,1995,210,1109,1155,576,148000
880,20,7000,5,8,1978,2005,218,864,864,336,136500
881,20,7024,5,5,2005,2006,110,1090,1090,450,157000
882,50,13758,7,5,1990,1991,254,1156,1717,400,187500
883,60,9636,6,5,1992,1993,808,808,1593,389,178000
884,75,6204,4,5,1912,1950,795,795,2230,440,118500
885,20,7150,5,5,1967,1967,460,892,892,288,100000
886,120,5119,9,5,1999,2000,460,1698,1709,506,328900
887,90,8393,5,5,1959,2005,1098,1626,1712,588,145000
888,50,16466,5,7,1955,1955,816,816,1393,300,135500
889,20,15865,8,6,1970,1970,1043,2217,2217,621,268000
890,20,12160,6,4,1953,1953,481,1505,1505,505,149500
891,50,8064,5,7,1949,2006,672,672,924,576,122900
892,60,11184,6,5,1978,1978,192,918,1683,440,172500
893,20,8414,6,8,1963,2003,396,1059,1068,264,154500
894,20,13284,5,5,1954,1954,319,1383,1383,354,165000
895,90,7018,5,5,1979,1979,0,0,1535,400,118858
896,60,7056,6,5,1963,1963,380,780,1796,483,140000
897,30,8765,4,6,1936,1950,666,951,951,327,106500
898,90,7018,5,5,1979,1979,0,0,2240,528,142953
899,20,12919,9,5,2009,2010,142,2330,2364,820,611657
900,20,6993,5,7,1961,1994,447,912,1236,288,135000
901,20,7340,4,6,1971,1971,536,858,858,684,110000
902,20,8712,5,7,1957,2000,132,992,1306,756,153000
903,60,7875,7,5,2003,2003,783,783,1509,393,180000
904,20,14859,7,5,2006,2006,1670,1670,1670,690,240000
905,20,6173,5,6,1967,1967,277,876,902,288,125500
906,20,9920,5,5,1954,1954,412,1056,1063,280,128000
907,20,13501,8,5,2006,2006,1560,1623,1636,865,255000
908,50,11500,7,7,1936,1987,794,1017,2057,180,250000
909,20,8885,5,5,1983,1983,239,864,902,484,131000
910,60,12589,6,5,2005,2005,742,742,1484,390,174000
911,90,11600,5,5,1960,1960,662,1105,2274,480,154300
912,20,9286,5,7,1977,1989,1072,1268,1268,252,143500
913,30,6120,5,7,1925,1950,279,768,1015,450,88000
914,90,6270,5,6,1949,1950,717,1001,2002,871,145000
915,160,3000,6,5,2009,2009,318,612,1224,528,173733
916,160,2001,4,5,1970,1970,546,546,1092,286,75000
917,20,9000,2,3,1949,1950,430,480,480,308,35311
918,20,17140,4,6,1956,1956,75,1134,1229,284,135000
919,60,13125,7,5,1991,1991,422,1104,2127,833,238000
920,20,11029,6,8,1958,2002,245,1184,1414,601,176500
921,60,8462,6,5,1994,1994,114,928,1721,471,201000
922,90,8777,5,7,1900,2003,188,1272,2200,0,145900
923,20,10237,6,5,2005,2006,1288,1316,1316,397,169990
924,120,8012,6,5,1993,1994,598,1604,1617,533,193000
925,20,10240,6,6,1980,1980,0,1686,1686,612,207500
926,20,15611,5,6,1977,1977,266,1126,1126,540,175000
927,60,11999,8,5,2003,2004,1181,1181,2374,656,285000
928,60,9900,7,5,1968,1968,280,832,1978,486,176000
929,20,11838,8,5,2001,2001,1753,1753,1788,522,236500
930,60,13006,7,5,1997,1997,964,964,2236,642,222000
931,20,8925,8,5,2007,2007,1450,1466,1466,610,201000
932,20,9100,5,6,1965,1965,121,925,925,429,117500
933,20,11670,9,5,2006,2006,1905,1905,1905,788,320000
934,20,8487,7,5,2004,2004,1480,1500,1500,570,190000
935,20,27650,7,7,1960,2007,160,585,2069,505,242000
936,30,5825,4,5,1926,1953,600,600,747,528,79900
937,20,10083,7,5,2003,2003,343,1176,1200,555,184900
938,60,9675,7,5,2005,2005,772,1113,1971,689,253000
939,60,8760,7,5,2006,2006,927,1391,1962,868,239799
940,70,24090,7,7,1940,1950,1032,1032,2403,349,244400
941,90,12640,6,5,1976,1976,396,1728,1728,574,150900
942,60,8755,7,5,1999,1999,220,992,2060,390,214000
943,90,7711,4,3,1977,1977,0,1440,1440,0,150000
944,90,25000,5,4,1967,1967,1632,1632,1632,576,143000
945,20,14375,6,6,1958,1958,354,819,1344,525,137500
946,50,8820,5,6,1890,1996,0,1088,1869,456,124900
947,80,8163,5,6,1959,1959,102,1144,1144,796,143000
948,20,14536,8,5,2002,2003,316,1616,1629,808,270000
949,60,14006,7,5,2002,2002,936,936,1776,474,192500
950,20,9360,6,7,1972,2006,179,1161,1381,676,197500
951,20,7200,5,8,1950,2002,317,864,864,720,129000
952,20,7800,5,5,1965,1965,187,828,965,300,119900
953,85,7200,5,8,1972,2003,108,768,768,396,133900
954,60,11075,5,4,1969,1969,29,784,1968,530,172000
955,90,9400,6,5,1975,1975,0,945,980,0,127500
956,90,7136,6,6,1946,1950,495,979,1958,492,145000
957,160,1300,6,6,1980,1980,276,561,1229,462,124000
958,20,7420,5,5,1962,1962,640,1057,1057,576,132000
959,20,8450,7,5,2003,2003,638,1337,1337,531,185000
960,160,2572,7,5,1999,1999,92,696,1416,484,155000
961,20,7207,5,7,1958,2008,162,858,858,0,116500
962,60,12227,6,7,1977,1995,434,1330,2872,619,272000
963,160,2308,6,6,1976,1976,248,804,1548,440,155000
964,20,11923,9,5,2007,2007,1800,1800,1800,702,239000
965,60,11316,7,5,2002,2003,193,817,1894,510,214900
966,60,10237,6,5,2005,2007,783,783,1484,393,178900
967,50,9600,5,7,1940,1950,300,728,1308,256,160000
968,20,7390,5,7,1955,1955,196,1098,1098,260,135000
969,50,5925,3,6,1910,1950,600,600,968,0,37900
970,190,10382,6,5,1958,1958,75,588,1095,264,140000
971,50,10800,4,4,1949,1950,720,720,1192,0,135000
972,160,2268,7,5,2003,2004,197,764,1626,474,173000
973,120,7892,6,5,1979,1979,918,918,918,264,99500
974,20,11639,7,5,2007,2008,1428,1428,1428,480,182000
975,70,11414,7,8,1910,1993,728,728,2019,532,167500
976,160,2651,7,5,2000,2000,32,673,1382,490,165000
977,30,5900,4,7,1923,1958,440,440,869,0,85500
978,120,4274,7,5,2006,2007,135,1241,1241,569,199900
979,20,9450,4,5,1954,1954,342,894,894,400,110000
980,20,8816,5,6,1963,1963,470,1121,1121,480,139000
981,85,12122,7,9,1961,2007,77,944,999,588,178400
982,60,12203,8,5,1998,1999,371,1225,2612,676,336000
983,20,3182,7,5,2007,2007,1266,1266,1266,388,159895
984,60,11250,8,5,2002,2002,1128,1128,2290,779,255900
985,90,10125,5,5,1977,1977,0,0,1734,539,126000
986,190,10880,5,5,1950,1950,124,1164,1164,240,125000
987,50,5310,6,8,1910,2003,485,485,1635,255,117000
988,20,10159,9,5,2009,2010,284,1930,1940,606,395192
989,60,12046,6,6,1976,1976,692,848,2030,551,195000
990,60,8125,7,5,2006,2006,770,770,1576,614,197000
991,60,9452,8,5,1997,1998,322,1396,2392,870,348000
992,70,17671,8,9,1882,1986,700,916,1742,424,168000
993,60,9760,6,8,1964,1993,169,822,1851,440,187000
994,60,8846,6,5,2005,2006,750,750,1500,564,173900
995,20,12456,10,5,2006,2007,528,1700,1718,786,337500
996,50,4712,4,7,1946,1950,363,747,1230,305,121600
997,20,10659,5,6,1961,1961,135,1050,1050,368,136500
998,20,11717,6,6,1970,1970,1442,1442,1442,615,185000
999,30,9786,3,4,1922,1950,1007,1007,1077,210,91000
1000,20,6762,7,5,2006,2006,501,1187,1208,632,206000
1001,20,10206,3,3,1952,1952,0,0,944,528,82000
1002,30,5400,5,6,1920,1950,691,691,691,216,86000
1003,20,11957,8,5,2006,2006,1550,1574,1574,824,232000
1004,90,11500,5,6,1976,1976,1680,1680,1680,528,136905
1005,120,3182,7,5,2005,2006,1330,1346,1504,457,181000
1006,80,8385,5,8,1977,1977,390,985,985,328,149900
1007,20,12155,6,3,1970,1970,420,1657,1657,484,163500
1008,160,2217,4,4,1970,1970,0,546,1092,286,88000
1009,20,12118,7,5,2004,2005,1710,1710,1710,550,240000
1010,50,6000,5,5,1926,1950,1008,1008,1522,0,102000
1011,50,21286,5,5,1948,1950,720,720,1271,312,135000
1012,90,9825,5,5,1965,1965,0,0,1664,0,100000
1013,70,10592,6,7,1923,1996,602,602,1502,180,165000
1014,30,7200,5,4,1910,2006,310,1022,1022,280,85000
1015,20,11664,6,5,1948,1950,746,1082,1082,240,119200
1016,60,8400,8,6,2001,2001,167,810,1665,528,227000
1017,20,11883,7,5,1996,1996,814,1504,1504,478,203000
1018,120,5814,8,5,1984,1984,184,1220,1360,565,187500
1019,80,10784,7,5,1991,1992,384,384,1472,402,160000
1020,120,3013,7,5,2005,2005,1346,1362,1506,440,213490
1021,20,7024,4,5,2005,2005,108,1132,1132,451,176000
1022,20,7406,7,5,2006,2006,515,1199,1220,632,194000
1023,50,9439,5,5,1930,1950,588,912,1248,160,87000
1024,120,3182,7,5,2005,2006,1330,1346,1504,437,191000
1025,20,15498,8,6,1976,1976,0,1565,2898,665,287000
1026,20,7700,5,5,1972,1972,276,882,882,461,112500
1027,20,9300,5,5,1960,1960,571,1268,1264,461,167500
1028,20,9520,8,5,2007,2008,125,1638,1646,800,293077
1029,50,9492,5,5,1941,1950,359,768,1376,240,105000
1030,160,1680,6,7,1972,1972,355,672,1218,264,118000
1031,190,7082,5,8,1916,1995,686,686,1928,0,160000
1032,75,15863,7,3,1920,1970,301,824,3082,672,197000
1033,60,14541,8,7,1993,1993,326,1338,2520,796,310000
1034,20,8125,7,5,2002,2002,668,1654,1654,900,230000
1035,30,6305,5,7,1938,1950,920,920,954,240,119750
1036,20,11500,4,3,1957,1957,0,0,845,290,84000
1037,20,12898,9,5,2007,2008,598,1620,1620,912,315500
1038,60,9240,8,5,2001,2002,1055,1055,2263,905,287000
1039,160,1533,4,6,1970,2008,546,546,1344,0,97000
1040,180,1477,4,4,1970,1970,121,630,630,286,80000
1041,20,13125,5,4,1957,2000,284,1134,1803,484,155000
1042,60,9130,6,8,1966,2000,336,800,1632,484,173000
1043,120,5381,6,5,2005,2005,406,1306,1306,624,196000
1044,60,11839,7,5,1990,1990,390,1475,2329,514,262280
1045,20,9600,8,5,1981,1981,1420,2524,2524,542,278000
1046,20,13680,3,5,1955,1955,0,0,1733,452,139600
1047,60,16056,9,5,2005,2006,1752,1992,2868,716,556581
1048,20,9245,5,5,1994,1995,304,990,990,672,145000
1049,20,21750,5,4,1960,2006,0,0,1771,336,115000
1050,20,11100,4,7,1946,2006,0,0,930,308,84900
1051,20,8993,7,5,2007,2007,1302,1302,1302,436,176485
1052,20,11175,7,5,2007,2007,1316,1316,1316,440,200141
1053,60,9500,6,6,1964,1978,374,816,1977,540,165000
1054,20,8562,5,6,1957,2002,833,1216,1526,364,144500
1055,60,11367,8,5,2002,2002,133,1065,1989,586,255000
1056,20,11361,6,5,1976,1976,549,1193,1523,478,180000
1057,120,7052,7,5,2005,2005,705,1364,1364,484,185850
1058,60,29959,7,6,1994,1994,378,973,1850,467,248000
1059,60,11308,9,5,2008,2008,168,1104,2184,836,335000
1060,50,11275,6,7,1932,1950,0,854,1991,432,220000
1061,120,4920,8,5,2001,2001,722,1338,1338,582,213500
1062,30,18000,3,4,1935,1950,894,894,894,1248,81000
1063,190,13600,5,5,1900,1950,662,662,2337,560,90000
1064,30,6000,6,6,1925,1980,706,1103,1103,440,110500
1065,20,11000,5,6,1966,1966,184,1154,1154,480,154000
1066,60,14000,7,5,1996,1997,105,1306,2260,533,328000
1067,60,7837,6,7,1993,1994,799,799,1571,380,178000
1068,60,9760,6,6,1964,1964,0,780,1611,442,167900
1069,160,3964,6,4,1973,1973,105,942,2521,576,151400
1070,45,9600,5,7,1949,2003,625,845,893,576,135000
1071,20,10152,5,5,1956,1956,462,1048,1048,286,135000
1072,60,11700,6,6,1968,1968,429,727,1556,441,154000
1073,50,7585,5,3,1948,1950,810,810,1456,280,91500
1074,60,7950,6,6,1977,1977,155,690,1426,440,159500
1075,20,8556,7,5,2006,2006,1240,1240,1240,826,194000
1076,70,13125,7,6,1940,1984,390,800,1740,240,219500
1077,50,10800,5,8,1936,1989,170,796,1466,566,170000
1078,20,15870,5,5,1969,1969,230,1096,1096,299,138800
1079,120,4435,6,5,2004,2004,186,848,848,420,155900
1080,20,8775,5,5,1994,1994,495,990,990,299,126000
1081,20,11040,6,7,1971,2004,602,1258,1258,528,145000
1082,20,7500,5,5,1963,1963,216,1040,1040,308,133000
1083,20,8749,7,5,2002,2002,1459,1459,1459,527,192000
1084,20,8800,6,6,1964,1964,698,1251,1251,461,160000
1085,60,13031,6,5,1995,1996,99,691,1498,409,187500
1086,85,9069,6,6,1992,1992,189,936,996,564,147000
1087,160,1974,4,5,1973,1973,212,546,1092,286,83500
1088,60,10574,8,5,2005,2006,1082,1082,1953,1043,252000
1089,160,2522,7,5,2004,2004,970,970,1709,380,137500
1090,120,3316,8,5,2005,2005,208,1247,1247,550,197000
1091,90,8544,3,4,1950,1950,0,0,1040,400,92900
1092,160,2160,7,5,1999,2000,90,600,1252,462,160000
1093,50,8400,6,5,1925,1950,758,1181,1694,576,136500
1094,20,9230,5,8,1965,1998,203,864,1200,884,146000
1095,20,5868,5,7,1956,2000,448,936,936,308,129000
1096,20,9317,6,5,2006,2006,1290,1314,1314,440,176432
1097,70,6882,6,7,1914,2006,684,684,1355,0,127000
1098,120,3696,8,5,1986,1986,1074,1074,1088,461,170000
1099,50,6000,4,6,1936,1950,0,672,1324,240,128000
1100,20,11880,7,5,1978,1978,567,1271,1601,478,157000
1101,30,8400,2,5,1920,1950,0,290,438,246,60000
1102,20,9758,5,5,1971,1971,251,950,950,280,119500
1103,20,7000,5,7,1960,2002,422,1010,1134,254,135000
1104,20,8910,6,6,1959,1959,0,655,1194,539,159500
1105,160,2016,5,5,1970,1970,630,630,1302,440,106000
1106,60,12256,8,5,1994,1995,431,1463,2622,712,325000
1107,20,10357,7,5,1990,1991,172,910,1442,719,179900
1108,60,23257,7,5,2006,2006,868,868,2021,422,274725
1109,60,8063,6,5,2000,2000,924,924,1690,463,181000
1110,20,11362,8,5,2004,2005,797,1836,1836,862,280000
1111,60,8000,6,5,1995,1996,554,773,1658,431,188000
1112,60,10480,7,6,1976,1976,400,803,1964,483,205000
1113,20,7100,5,7,1957,1957,108,816,816,308,129900
1114,20,8923,5,7,1953,2006,365,1008,1008,240,134500
1115,20,5400,5,7,1954,2000,418,833,833,326,117000
1116,20,12085,8,5,2007,2007,730,1734,1734,928,318000
1117,80,7750,8,5,2002,2002,55,408,1419,527,184100
1118,20,9764,5,7,1967,2003,192,894,894,450,130000
1119,80,13825,5,6,1958,1987,533,533,1601,300,140000
1120,20,7560,5,5,1959,1959,671,1040,1040,286,133700
1121,30,8263,6,5,1920,1950,1012,1012,1012,308,118400
1122,20,10084,7,5,2005,2006,1528,1552,1552,782,212900
1123,20,8926,4,3,1956,1956,672,672,960,288,112000
1124,20,9405,5,9,1947,2008,698,698,698,0,118000
1125,80,9125,7,5,1992,1992,384,384,1482,392,163900
1126,20,10434,4,5,1955,1955,1005,1005,1005,672,115000
1127,120,3684,7,5,2007,2007,1373,1373,1555,660,174000
1128,20,14572,7,5,2004,2004,230,1530,1530,630,259000
1129,60,11796,7,5,2004,2005,847,847,1959,434,215000
1130,90,7200,5,5,1980,1980,0,936,936,672,140000
1131,50,7804,4,3,1928,1950,500,1122,1981,576,135000
1132,20,10712,5,5,1991,1992,762,974,974,0,93500
1133,70,9900,6,4,1880,1950,1008,1008,2210,205,117500
1134,60,9828,8,5,1995,1995,544,1128,2020,466,239500
1135,60,8773,6,5,1997,1997,916,916,1600,460,169000
1136,30,6180,6,5,1926,1950,960,960,986,180,102000
1137,50,9600,6,5,1950,1950,752,1032,1252,288,119000
1138,50,6342,5,8,1875,1996,780,780,1020,0,94000
1139,20,9819,6,5,1977,1977,0,1567,1567,714,196000
1140,30,8731,5,5,1920,1950,270,915,1167,495,144000
1141,20,7350,5,7,1951,1951,100,952,952,840,139000
1142,60,10304,5,7,1976,1976,399,780,1868,484,197500
1143,60,9965,8,5,2006,2007,316,1466,2828,1052,424870
1144,20,9000,5,3,1959,1959,718,1006,1006,0,80000
1145,190,12180,4,4,1941,1950,324,672,924,280,80000
1146,50,6240,5,6,1928,1950,1042,1042,1576,225,149000
1147,20,11200,6,5,1985,1985,40,1298,1298,403,180000
1148,70,12000,7,7,1941,1950,429,704,1564,234,174500
1149,50,5700,7,7,1926,1950,572,572,1111,288,116900
1150,70,9000,7,9,1920,1988,26,650,1482,324,143000
1151,20,8280,6,5,1950,1950,932,932,932,306,124000
1152,20,17755,5,4,1959,1959,1290,1466,1466,528,149900
1153,20,14115,6,7,1956,2004,230,1073,1811,470,230000
1154,30,5890,6,8,1930,2007,278,816,816,432,120500
1155,60,13700,7,6,1965,1988,410,864,1820,492,201800
1156,20,10768,5,8,1976,2004,280,1437,1437,528,218000
1157,80,9350,5,8,1965,1999,586,1219,1265,502,179900
1158,120,5001,7,5,2007,2008,410,1314,1314,626,230000
1159,20,11932,8,5,2007,2008,1580,1580,1580,830,235128
1160,60,9120,6,6,1974,1974,459,901,1876,540,185000
1161,160,2280,6,5,1978,1978,544,855,1456,440,146000
1162,20,14778,6,7,1954,2006,568,1296,1640,924,224000
1163,20,8724,5,5,1968,1968,402,894,894,450,129000
1164,90,12900,4,4,1969,1969,0,1198,1258,400,108959
1165,80,16157,5,7,1978,1978,289,1360,1432,588,194000
1166,20,9541,7,5,2009,2009,1502,1502,1502,644,233170
1167,20,10475,8,5,2008,2008,1694,1694,1694,776,245350
1168,60,10852,6,5,2000,2000,173,959,1671,472,173000
1169,70,13728,6,7,1935,1986,501,1127,2108,540,235000
1170,60,35760,10,5,1995,1996,543,1930,3627,807,625000
1171,80,9880,6,6,1977,1977,574,1096,1118,358,171000
1172,20,9120,6,6,1958,1958,599,1261,1261,433,163000
1173,160,4017,7,5,2006,2007,625,625,1250,625,171900
1174,50,18030,5,6,1946,1994,977,1598,3086,0,200500
1175,70,16560,6,8,1932,1950,449,952,2345,360,239000
1176,50,10678,8,5,1992,2000,983,1683,2872,541,285000
1177,20,6951,5,5,1984,1985,218,876,923,264,119500
1178,50,3950,6,8,1926,2004,350,818,1224,210,115000
1179,50,7681,5,6,1921,1950,731,731,1343,186,154900
1180,20,8335,5,5,1954,1954,0,0,1124,0,93000
1181,60,11170,7,5,1990,1991,0,1216,2514,693,250000
1182,120,5587,8,5,2008,2008,120,1600,1652,482,392500
1183,60,15623,10,5,1996,1996,300,2396,4476,813,745000
1184,30,10800,5,6,1920,1950,299,1120,1130,720,120000
1185,20,35133,5,4,1963,1963,413,1572,1572,995,186700
1186,50,9738,5,7,1924,1950,392,784,1221,392,104900
1187,190,10615,3,5,1900,1970,538,978,1699,420,95000
1188,20,12461,8,5,1994,1995,168,1624,1624,757,262000
1189,60,8935,7,5,2002,2002,831,831,1660,493,195000
1190,60,7500,7,5,1999,1999,994,994,1804,442,189000
1191,190,32463,4,4,1961,1975,90,1249,1622,1356,168000
1192,160,2645,8,5,1999,2000,776,776,1441,492,174000
1193,50,9600,5,8,1925,1994,702,702,1472,250,125000
1194,120,4500,6,5,1999,1999,341,1224,1224,402,165000
1195,60,9364,6,7,1969,1969,292,663,1352,299,158000
1196,60,8029,6,5,2005,2005,728,728,1456,400,176000
1197,60,14054,7,5,2006,2006,879,879,1863,660,219210
1198,75,8850,7,6,1916,1950,815,815,1690,225,144000
1199,20,9100,7,5,2001,2001,1212,1212,1212,573,178000
1200,20,11235,4,5,1963,1979,504,1051,1382,459,148000
1201,20,9353,4,5,1970,1970,864,864,864,280,116050
1202,60,10400,7,5,1998,1998,866,866,1779,546,197900
1203,50,6000,5,8,1925,1997,884,884,1348,216,117000
1204,20,9750,7,5,2000,2001,1630,1630,1630,451,213000
1205,20,10140,5,6,1975,1975,268,1056,1074,495,153500
1206,20,14684,7,7,1990,1991,1496,2158,2196,701,271900
1207,20,8900,4,4,1966,1966,0,1056,1056,384,107000
1208,20,9135,6,5,2003,2003,1342,1682,1700,544,200000
1209,20,7763,5,7,1962,1980,319,931,1283,506,140000
1210,20,10182,8,5,2006,2006,440,1660,1660,500,290000
1211,60,11218,6,5,1992,1992,1055,1055,1845,462,189000
1212,50,12134,8,7,1988,2005,132,559,1752,492,164000
1213,30,9340,4,6,1941,1950,328,672,672,234,113000
1214,80,10246,4,9,1965,2001,0,648,960,364,145000
1215,85,10205,5,5,1962,1962,141,925,999,300,134500
1216,20,7094,5,5,1966,1966,340,894,894,384,125000
1217,90,8930,6,5,1978,1978,0,0,1902,539,112000
1218,20,8640,8,5,2009,2009,364,1300,1314,552,229456
1219,50,6240,4,5,1947,1950,0,0,912,0,80500
1220,160,1680,6,5,1971,1971,672,672,1218,0,91500
1221,20,7800,5,5,1964,1964,0,912,912,288,115000
1222,20,8250,5,5,1968,1968,210,952,1211,322,134000
1223,50,10496,6,6,1949,1950,844,1040,1846,315,143000
1224,20,10680,5,3,1951,1951,1380,2136,2136,528,137900
1225,60,15384,7,5,2004,2005,64,788,1490,388,184000
1226,80,10482,6,8,1958,1958,81,588,1138,264,145000
1227,60,14598,6,5,2007,2007,894,894,1933,668,214000
1228,20,8872,5,8,1965,2008,317,912,912,576,147000
1229,120,8769,9,5,2008,2008,162,1702,1702,1052,367294
1230,80,7910,5,5,1960,1960,409,1075,1507,404,127000
1231,90,18890,5,5,1977,1977,652,1361,2620,600,190000
1232,90,7728,5,6,1962,1962,303,1106,1190,540,132500
1233,90,9842,4,5,1962,1962,0,0,1224,462,101800
1234,20,12160,5,5,1959,1959,188,1188,1188,531,142000
1235,70,8525,5,6,1911,1950,940,940,1964,0,130000
1236,70,13132,5,5,1914,1950,747,747,1784,180,138887
1237,160,2628,7,5,2003,2003,764,764,1626,474,175500
1238,60,12393,7,5,2004,2005,847,847,1948,434,195000
1239,20,13072,6,5,2005,2005,1141,1141,1141,484,142500
1240,20,9037,8,5,2006,2006,1048,1476,1484,472,265900
1241,60,8158,7,5,2003,2003,334,884,1768,543,224900
1242,20,9849,7,6,2007,2007,1689,1689,1689,954,248328
1243,85,10625,7,6,1974,1974,0,1053,1173,528,170000
1244,20,13891,10,5,2006,2006,690,2076,2076,850,465000
1245,70,11435,8,7,1929,1950,792,792,1517,400,230000
1246,80,12090,6,7,1984,2003,585,585,1868,477,178000
1247,60,8125,7,5,2005,2006,756,756,1553,615,186500
1248,80,12328,6,5,1976,1976,473,1012,1034,888,169900
1249,75,9600,6,5,1917,1950,416,735,2058,396,129500
1250,20,7200,5,7,1950,1950,246,876,988,276,119000
1251,20,11160,7,5,1968,1968,1045,2110,2110,522,244000
1252,120,3136,7,5,2003,2003,1405,1405,1405,478,171750
1253,20,9858,5,6,1968,1968,354,864,874,288,130000
1254,60,17542,7,7,1974,2003,36,1192,2167,518,294000
1255,60,6931,7,5,2003,2004,746,746,1656,397,165400
1256,50,6240,6,6,1931,1950,459,884,1367,560,127500
1257,20,14303,8,5,1994,1994,672,1986,1987,691,301500
1258,30,4060,5,8,1922,1950,864,864,864,0,99900
1259,80,9587,7,5,2005,2005,201,856,1166,400,190000
1260,20,9750,6,8,1969,1969,14,1054,1054,460,151000
1261,60,24682,6,5,1999,1999,841,841,1675,502,181000
1262,20,9600,5,6,1956,1956,546,1050,1050,338,128900
1263,50,11250,4,5,1957,1989,1104,1104,1788,304,161500
1264,70,13515,6,6,1919,1950,764,764,1824,520,180500
1265,120,4060,6,5,1998,1999,1139,1405,1337,511,181000
1266,160,3735,7,5,1999,1999,241,691,1452,506,183900
1267,190,10120,7,4,1910,1950,925,925,1889,308,122000
1268,20,13214,9,5,2008,2009,2002,2002,2018,746,378500
1269,50,14100,8,9,1935,1997,536,728,3447,1014,381000
1270,50,11344,5,5,1958,1958,414,874,1524,315,144000
1271,40,23595,7,6,1979,1979,74,1332,1524,586,260000
1272,20,9156,6,7,1968,1968,1489,1489,1489,462,185750
1273,20,13526,5,6,1965,1965,0,935,935,288,137000
1274,80,11512,6,7,1959,2006,300,1019,1357,312,177000
1275,50,5362,5,6,1910,2003,661,661,1250,552,139000
1276,90,11345,5,5,1948,1950,708,928,1920,400,137000
1277,60,12936,6,6,1972,1972,130,723,1395,497,162000
1278,80,17871,6,5,1967,1976,1152,1680,1724,480,197900
1279,60,9473,8,5,2002,2002,324,1128,2031,577,237000
1280,50,7500,4,4,1920,1950,698,698,1128,528,68400
1281,20,9808,7,5,2002,2002,785,1573,1573,544,227000
1282,20,8049,7,5,1990,1990,256,1309,1339,484,180000
1283,20,8800,5,7,1977,2008,364,1040,1040,484,150500
1284,90,9400,6,5,1971,1971,912,912,1824,0,139000
1285,50,9638,6,7,1919,1990,804,804,2447,336,169000
1286,50,6000,6,6,1939,1950,780,780,1412,280,132500
1287,20,9790,6,5,1963,1963,678,1328,1328,528,143000
1288,20,36500,5,5,1964,1964,812,1624,1582,390,190000
1289,120,5664,8,5,2000,2000,343,1501,1659,499,278000
1290,60,11065,8,5,2006,2006,1085,1085,1970,753,281000
1291,80,14112,5,7,1964,1964,138,1152,1152,484,180500
1292,160,1680,5,7,1972,1972,399,630,1302,264,119500
1293,70,6600,5,4,1892,1965,994,994,2372,432,107500
1294,60,10140,7,5,1976,1976,638,832,1664,528,162900
1295,20,8172,5,7,1955,1990,697,864,864,572,115000
1296,20,8400,5,5,1968,1968,36,1052,1052,288,138500
1297,20,8700,5,6,1963,1963,344,1120,1128,525,155000
1298,180,3675,6,5,2005,2006,0,547,1072,525,140000
1299,60,63887,10,5,2008,2008,466,6110,5642,1418,160000
1300,20,7500,5,7,1959,1994,0,1246,1246,305,154000
1301,60,10762,7,5,1999,1999,284,978,1983,490,225000
1302,70,7500,6,7,1942,1950,224,771,1494,213,177500
1303,60,10120,8,5,1994,1994,425,1165,2526,844,290000
1304,20,8688,7,5,2005,2005,1616,1616,1616,834,232000
1305,160,3363,7,5,2004,2004,976,976,1708,380,130000
1306,20,13173,9,5,2006,2007,80,1652,1652,840,325000
1307,120,6955,7,5,2005,2006,1368,1368,1368,474,202500
1308,20,8072,5,5,1994,1995,244,990,990,480,138000
1309,20,12000,5,7,1948,2005,172,924,1122,528,147000
1310,20,7153,6,5,1991,1991,78,1278,1294,496,179200
1311,20,17500,7,8,1959,2002,496,1902,1902,567,335000
1312,20,8814,7,5,2005,2007,349,1274,1274,508,203000
1313,60,9572,8,5,1990,1990,971,1453,2810,750,302000
1314,60,14774,9,5,1999,1999,1393,1393,2599,779,333168
1315,20,8190,4,6,1954,1954,216,948,948,280,119000
1316,60,11075,6,5,1969,1969,176,952,2112,576,206900
1317,20,10226,8,5,2008,2008,1622,1622,1630,860,295493
1318,120,4230,7,5,2006,2007,1352,1352,1352,466,208900
1319,20,14781,8,5,2001,2002,1753,1753,1787,748,275000
1320,20,10215,4,5,1954,1954,372,864,948,248,111000
1321,20,8400,6,3,1957,1957,628,1478,1478,442,156500
1322,20,6627,3,6,1949,1950,0,0,720,287,72500
1323,60,10186,7,5,1992,1992,76,750,1923,564,190000
1324,30,5330,4,7,1940,1950,140,420,708,0,82500
1325,20,9986,8,5,2006,2007,1795,1795,1795,895,147000
1326,30,3636,4,4,1922,1950,796,796,796,0,55000
1327,30,4270,3,6,1931,2006,0,544,774,0,79000
1328,20,6600,5,9,1982,2008,175,816,816,264,130500
1329,50,10440,6,7,1920,1950,1017,1510,2792,520,256000
1330,60,9084,7,5,1998,1998,935,935,1632,462,176500
1331,20,10000,8,5,2006,2006,1588,1588,1588,825,227000
1332,80,10780,5,5,1976,1976,428,911,954,576,132500
1333,20,8877,4,6,1938,1958,126,816,816,288,100000
1334,50,7200,5,6,1938,1995,803,803,1360,297,125500
1335,160,2368,5,6,1970,1970,0,765,1365,440,125000
1336,20,9650,6,5,1977,1977,664,1350,1334,630,167900
1337,90,9246,5,5,1973,1973,1656,1656,1656,506,135000
1338,30,4118,4,4,1941,1950,693,693,693,0,52500
1339,60,13450,7,5,2002,2002,216,916,1861,492,200000
1340,20,9560,5,7,1972,1972,504,864,864,288,128500
1341,20,8294,4,5,1971,1971,858,858,872,480,123000
1342,20,13695,6,5,2003,2004,300,1114,1114,576,155000
1343,60,9375,8,5,2002,2002,1284,1284,2169,647,228500
1344,50,7558,6,6,1928,1950,896,896,1913,342,177000
1345,60,11103,7,5,2006,2006,728,728,1456,440,155835
1346,30,6000,4,4,1920,1950,710,960,960,308,108500
1347,20,20781,7,7,1968,2003,1203,1568,2156,508,262500
1348,20,15306,8,5,2006,2007,1652,1732,1776,712,283463
1349,20,16196,7,5,1998,1998,39,1482,1494,514,215000
1350,70,5250,8,5,1872,1987,425,684,2358,0,122000
1351,90,11643,5,5,1969,1969,748,1248,2634,968,200000
1352,60,9247,6,6,1962,1962,539,858,1716,490,171000
1353,50,6000,6,9,1937,2000,698,698,1176,624,134900
1354,50,14720,8,5,1995,1996,1217,2033,3238,666,410000
1355,60,10316,7,5,2000,2000,257,992,1865,839,235000
1356,80,10192,7,6,1968,1992,570,570,1920,487,170000
1357,20,9477,5,5,1966,1966,524,864,892,264,110000
1358,20,12537,5,6,1971,2008,344,1078,1078,500,149900
1359,160,2117,6,5,2000,2000,378,756,1573,440,177500
1360,20,16737,9,5,2004,2005,533,1980,1980,770,315000
1361,70,9842,5,6,1921,1998,612,612,2601,621,189000
1362,20,16158,7,5,2005,2005,256,1530,1530,430,260000
1363,50,12513,4,4,1920,2007,715,715,1738,368,104900
1364,60,8499,6,5,2006,2007,616,616,1412,432,156932
1365,160,3180,7,5,2005,2005,600,600,1200,480,144152
1366,60,7500,7,5,2000,2000,281,814,1674,663,216000
1367,60,9179,7,5,1999,1999,240,873,1790,588,193000
1368,160,2665,5,6,1977,1977,36,757,1475,336,127000
1369,120,4435,6,5,2003,2004,163,848,848,420,144000
1370,20,10635,8,5,2003,2003,315,1657,1668,502,232000
1371,50,5400,4,6,1920,1950,420,840,1374,338,105000
1372,80,9600,6,6,1955,1996,161,992,1661,377,165500
1373,60,9750,7,6,1998,1998,133,1108,2097,583,274300
1374,20,11400,10,5,2001,2002,1351,2633,2633,804,466500
1375,60,10625,7,5,2005,2005,1026,1026,1958,936,250000
1376,20,10991,8,5,2007,2007,1571,1571,1571,722,239000
1377,30,6292,6,5,1930,1950,384,768,790,160,91000
1378,50,10998,5,5,1941,1960,156,984,1604,660,117000
1379,160,1953,6,5,1973,1973,174,483,987,264,83000
1380,80,9735,5,5,2006,2007,384,384,1394,400,167500
1381,30,8212,3,3,1914,1950,661,864,864,200,58500
1382,20,12925,6,7,1970,1970,340,1205,2117,550,237500
1383,70,7200,7,7,1920,1950,596,596,1762,576,157000
1384,30,25339,5,7,1918,2007,816,816,1416,576,112000
1385,50,9060,6,5,1939,1950,356,560,1258,280,105000
1386,50,5436,4,8,1922,2007,61,796,1154,240,125500
1387,60,16692,7,5,1978,1978,133,1392,2784,564,250000
1388,50,8520,6,7,1916,1950,0,714,2526,216,136000
1389,20,14892,9,5,2006,2007,426,1746,1746,758,377500
1390,50,6000,6,6,1941,1950,360,735,1218,440,131000
1391,20,9100,7,5,2000,2000,125,1525,1525,541,235000
1392,90,8944,5,5,1967,1967,1584,1584,1584,792,124000
1393,85,7838,5,5,1967,1967,95,864,900,288,123000
1394,190,10800,6,7,1905,2000,482,482,1912,672,163000
1395,120,4045,7,5,2006,2006,286,1356,1500,648,246578
1396,60,12665,8,5,2005,2006,1094,1094,2482,642,281213
1397,20,57200,5,5,1948,1950,60,747,1687,572,160000
1398,70,6120,5,8,1920,2004,939,939,1513,180,137500
1399,50,7200,5,4,1950,1982,676,1208,1904,240,138000
1400,50,6171,6,6,1925,1990,712,976,1608,216,137450
1401,50,6000,6,7,1929,1950,862,862,1158,208,120000
1402,60,7415,6,5,2004,2004,80,839,1593,398,193000
1403,20,6762,7,5,2006,2006,1286,1286,1294,662,193879
1404,20,15256,8,5,2007,2007,556,1485,1464,754,282922
1405,50,10410,3,4,1915,1950,672,672,1214,936,105000
1406,120,3842,8,5,2004,2005,221,1594,1646,482,275000
1407,85,8445,5,7,1972,2007,112,768,768,396,133000
1408,20,8780,5,5,1985,1985,208,833,833,0,112000
1409,70,7740,4,7,1910,1950,622,622,1363,528,125500
1410,60,20544,7,6,1986,1991,791,791,2093,542,215000
1411,60,12420,7,5,2001,2001,278,944,1840,622,230000
1412,50,9600,6,8,1950,2005,736,856,1668,271,140000
1413,90,7200,4,5,1949,1950,0,0,1040,420,90000
1414,20,10994,8,5,2005,2006,868,1844,1844,620,257000
1415,50,13053,6,7,1923,2000,833,833,1848,370,207000
1416,120,3635,7,5,2007,2007,398,1386,1569,660,175900
1417,190,11340,4,6,1885,1950,777,777,2290,560,122500
1418,60,16545,8,5,1998,1998,503,1284,2450,1069,340000
1419,20,9204,5,5,1963,1963,247,1144,1144,336,124000
1420,20,16381,6,5,1969,1969,734,1844,1844,540,223000
1421,60,11700,6,6,1968,1968,304,708,1416,776,179900
1422,120,4043,6,5,1977,1977,709,1069,1069,440,127500
1423,120,4435,6,5,2003,2003,162,848,848,420,136500
1424,80,19690,6,7,1966,1966,697,697,2201,432,274970
1425,20,9503,5,5,1958,1983,193,1024,1344,484,144000
1426,20,10721,6,6,1959,1959,1252,1252,1252,528,142000
1427,60,10944,7,5,1994,1994,223,1223,2127,525,271000
1428,50,10930,5,6,1945,1950,333,913,1558,288,140000
1429,30,7200,5,7,1940,1992,278,788,804,240,119000
1430,20,12546,6,7,1981,1981,762,1440,1440,467,182900
1431,60,21930,5,5,2005,2005,732,732,1838,372,192140
1432,120,4928,6,6,1976,1976,0,958,958,440,143750
1433,30,10800,4,6,1927,2007,656,656,968,216,64500
1434,60,10261,6,5,2000,2000,936,936,1792,451,186500
1435,20,17400,5,5,1977,1977,190,1126,1126,484,160000
1436,20,8400,6,9,1962,2005,1319,1319,1537,462,174000
1437,20,9000,4,6,1971,1971,248,864,864,528,120500
1438,20,12444,8,5,2008,2008,596,1932,1932,774,394617
1439,20,7407,6,7,1957,1996,312,912,1236,923,149700
1440,60,11584,7,6,1979,1979,114,539,1725,550,197000
1441,70,11526,6,7,1922,1994,588,588,2555,672,191000
1442,120,4426,6,5,2004,2004,151,848,848,420,149300
1443,60,11003,10,5,2008,2008,252,1017,2007,812,310000
1444,30,8854,6,6,1916,1950,952,952,952,192,121000
1445,20,8500,7,5,2004,2004,1422,1422,1422,626,179600
1446,85,8400,6,5,1966,1966,0,814,913,240,129000
1447,20,26142,5,7,1962,1962,595,1188,1188,312,157900
1448,60,10000,8,5,1995,1996,141,1220,2090,556,240000
1449,50,11767,4,7,1910,2000,560,560,1346,384,112000
1450,180,1533,5,7,1970,1970,77,630,630,0,92000
1451,90,9000,5,5,1974,1974,896,896,1792,0,136000
1452,20,9262,8,5,2008,2009,1573,1573,1578,840,287090
1453,180,3675,5,5,2005,2005,0,547,1072,525,145000
1454,20,17217,5,5,2006,2006,1140,1140,1140,0,84500
1455,20,7500,7,5,2004,2005,811,1221,1221,400,185000
1456,60,7917,6,5,1999,2000,953,953,1647,460,175000
1457,20,13175,6,6,1978,1988,589,1542,2073,500,210000
1458,70,9042,7,9,1941,2006,877,1152,2340,252,266500
1459,20,9717,5,6,1950,1996,0,1078,1078,240,142125
1460,20,9937,5,6,1965,1965,136,1256,1256,276,147500
